-- DROP DATABASE IF EXISTS demodb;
-- CREATE DATABASE demodb;

-- Use Demodb database
-- \c demodb;

-- Creating Tables

-- Subject Table
CREATE TABLE IF NOT EXISTS subs(
    id SERIAL,
    sub_name TEXT NOT NULL,
    PRIMARY KEY (id)
);

-- Teacher Table
CREATE TABLE IF NOT EXISTS teachers (
    id SERIAL,
    teacher_name text NOT NULL,
    PRIMARY KEY (id)
);

-- No need to create seprate table
-- Teacher's Subjects can be taken from classes table
-- Classes table will show current working subject with class (section) details
-- -- Teacher's Subjects Array Table
-- CREATE TABLE IF NOT EXISTS teacher_subs(
--     teacher_id INT NOT NULL,
--     sub_id INT NOT NULL,
--     FOREIGN KEY (teacher_id) REFERENCES teachers(id),
--     FOREIGN KEY (sub_id) REFERENCES subs(id)
-- );

-- Grade/Standard Table
CREATE TABLE IF NOT EXISTS grades (
    id SERIAL,
    -- Standard
    grade_no INT NOT NULL UNIQUE,
    -- Subjects ID's
    sub1_id INT NOT NULL,
    sub2_id INT NOT NULL,
    sub3_id INT NOT NULL,
    sub4_id INT NOT NULL,
    sub5_id INT NOT NULL,
    -- Optional Subjects ID's
    osub1_id INT NOT NULL,
    osub2_id INT NOT NULL,
    osub3_id INT NOT NULL,
    PRIMARY KEY (id),
    FOREIGN KEY (sub1_id) REFERENCES subs(id),
    FOREIGN KEY (sub2_id) REFERENCES subs(id),
    FOREIGN KEY (sub3_id) REFERENCES subs(id),
    FOREIGN KEY (sub4_id) REFERENCES subs(id),
    FOREIGN KEY (sub5_id) REFERENCES subs(id),
    FOREIGN KEY (osub1_id) REFERENCES subs(id),
    FOREIGN KEY (osub2_id) REFERENCES subs(id),
    FOREIGN KEY (osub3_id) REFERENCES subs(id)
);

-- Class Table
CREATE TABLE IF NOT EXISTS classes (
    id SERIAL,
    section CHAR NOT NULL DEFAULT 'A',
    grade_no INT NOT NULL,
    -- Teachers ID's
    sub1_teacher_id INT NOT NULL,
    sub2_teacher_id INT NOT NULL,
    sub3_teacher_id INT NOT NULL,
    sub4_teacher_id INT NOT NULL,
    sub5_teacher_id INT NOT NULL,
    -- Optinal Subject Teachers ID's
    osub1_teacher_id INT NOT NULL,
    osub2_teacher_id INT NOT NULL,
    osub3_teacher_id INT NOT NULL,
    PRIMARY KEY (id),
    -- Perviously was using grade_id which was useless
    FOREIGN KEY (grade_no) REFERENCES grades(grade_no),
    FOREIGN KEY (sub1_teacher_id) REFERENCES teachers(id),
    FOREIGN KEY (sub2_teacher_id) REFERENCES teachers(id),
    FOREIGN KEY (sub3_teacher_id) REFERENCES teachers(id),
    FOREIGN KEY (sub4_teacher_id) REFERENCES teachers(id),
    FOREIGN KEY (sub5_teacher_id) REFERENCES teachers(id),
    FOREIGN KEY (osub1_teacher_id) REFERENCES teachers(id),
    FOREIGN KEY (osub2_teacher_id) REFERENCES teachers(id),
    FOREIGN KEY (osub3_teacher_id) REFERENCES teachers(id)
);

-- Students Table
CREATE TABLE IF NOT EXISTS students (
    id SERIAL,
    student_name TEXT NOT NULL,
    class_id INT NOT NULL,
    osub1_id INT,
    osub2_id INT,
    PRIMARY KEY (id),
    FOREIGN KEY (class_id) REFERENCES classes(id),
    FOREIGN KEY (osub1_id) REFERENCES subs(id),
    FOREIGN KEY (osub2_id) REFERENCES subs(id)
);

-- Demo Subjects
INSERT INTO subs(sub_name) VALUES('Earth Science');
INSERT INTO subs(sub_name) VALUES('Handwriting');
INSERT INTO subs(sub_name) VALUES('Music');
INSERT INTO subs(sub_name) VALUES('Handwriting');
INSERT INTO subs(sub_name) VALUES('Physical Education');
INSERT INTO subs(sub_name) VALUES('Ecology');
INSERT INTO subs(sub_name) VALUES('Economics');
INSERT INTO subs(sub_name) VALUES('Instrumental Music');
INSERT INTO subs(sub_name) VALUES('Mathematics');
INSERT INTO subs(sub_name) VALUES('LOGIC');

-- Demo teachers
INSERT INTO teachers (teacher_name) VALUES('Estrella Price');
INSERT INTO teachers (teacher_name) VALUES('Maxwell Dallas');
INSERT INTO teachers (teacher_name) VALUES('Julianna Shelton');
INSERT INTO teachers (teacher_name) VALUES('Luna Skinner');
INSERT INTO teachers (teacher_name) VALUES('Erick Wilton');
INSERT INTO teachers (teacher_name) VALUES('William Bradshaw');
INSERT INTO teachers (teacher_name) VALUES('Jack Jones');
INSERT INTO teachers (teacher_name) VALUES('Tania Watt');
INSERT INTO teachers (teacher_name) VALUES('Candice Richards');
INSERT INTO teachers (teacher_name) VALUES('Matt Rainford');

-- -- Demo Teacher's Subjects (each teacher teach at least 1 subject)
-- INSERT INTO teacher_subs(teacher_id, sub_id) VALUES(9,3);
-- INSERT INTO teacher_subs(teacher_id, sub_id) VALUES(7,6);
-- INSERT INTO teacher_subs(teacher_id, sub_id) VALUES(4,5);
-- INSERT INTO teacher_subs(teacher_id, sub_id) VALUES(10,5);
-- INSERT INTO teacher_subs(teacher_id, sub_id) VALUES(5,2);
-- INSERT INTO teacher_subs(teacher_id, sub_id) VALUES(6,1);
-- INSERT INTO teacher_subs(teacher_id, sub_id) VALUES(8,8);
-- INSERT INTO teacher_subs(teacher_id, sub_id) VALUES(1,9);
-- INSERT INTO teacher_subs(teacher_id, sub_id) VALUES(7,3);
-- INSERT INTO teacher_subs(teacher_id, sub_id) VALUES(7,7);
-- INSERT INTO teacher_subs(teacher_id, sub_id) VALUES(5,8);
-- INSERT INTO teacher_subs(teacher_id, sub_id) VALUES(1,5);
-- INSERT INTO teacher_subs(teacher_id, sub_id) VALUES(3,2);
-- INSERT INTO teacher_subs(teacher_id, sub_id) VALUES(7,4);
-- INSERT INTO teacher_subs(teacher_id, sub_id) VALUES(4,6);
-- INSERT INTO teacher_subs(teacher_id, sub_id) VALUES(10,6);
-- INSERT INTO teacher_subs(teacher_id, sub_id) VALUES(2,2);
-- INSERT INTO teacher_subs(teacher_id, sub_id) VALUES(4,1);
-- INSERT INTO teacher_subs(teacher_id, sub_id) VALUES(10,10);
-- INSERT INTO teacher_subs(teacher_id, sub_id) VALUES(10,7);

-- Demo Grades
insert into grades (grade_no, sub1_id, sub2_id, sub3_id, sub4_id, sub5_id, osub1_id, osub2_id, osub3_id) values (1, 2, 3, 4, 5, 6, 7, 8, 9);
insert into grades (grade_no, sub1_id, sub2_id, sub3_id, sub4_id, sub5_id, osub1_id, osub2_id, osub3_id) values (2, 3, 4, 5, 6, 7, 8, 9, 10);
insert into grades (grade_no, sub1_id, sub2_id, sub3_id, sub4_id, sub5_id, osub1_id, osub2_id, osub3_id) values (3, 4, 5, 6, 7, 8, 9, 10, 1);
insert into grades (grade_no, sub1_id, sub2_id, sub3_id, sub4_id, sub5_id, osub1_id, osub2_id, osub3_id) values (4, 5, 6, 7, 8, 9, 10, 1, 2);
insert into grades (grade_no, sub1_id, sub2_id, sub3_id, sub4_id, sub5_id, osub1_id, osub2_id, osub3_id) values (5, 6, 7, 8, 9, 10, 1, 2, 3);
insert into grades (grade_no, sub1_id, sub2_id, sub3_id, sub4_id, sub5_id, osub1_id, osub2_id, osub3_id) values (6, 7, 8, 9, 10, 1, 2, 3, 4);
insert into grades (grade_no, sub1_id, sub2_id, sub3_id, sub4_id, sub5_id, osub1_id, osub2_id, osub3_id) values (7, 8, 9, 10, 1, 2, 3, 4, 5);
insert into grades (grade_no, sub1_id, sub2_id, sub3_id, sub4_id, sub5_id, osub1_id, osub2_id, osub3_id) values (8, 9, 10, 1, 2, 3, 4, 5, 6);
insert into grades (grade_no, sub1_id, sub2_id, sub3_id, sub4_id, sub5_id, osub1_id, osub2_id, osub3_id) values (9, 10, 1, 2, 3, 4, 5, 6, 7);
insert into grades (grade_no, sub1_id, sub2_id, sub3_id, sub4_id, sub5_id, osub1_id, osub2_id, osub3_id) values (10, 1, 2, 3, 4, 5, 6, 7, 8);

-- Demo Classes (Each grade has 4 sections i.e A, B, C, D)

-- A section
insert into classes (grade_no, section, sub1_teacher_id, sub2_teacher_id, sub3_teacher_id, sub4_teacher_id, sub5_teacher_id, osub1_teacher_id, osub2_teacher_id, osub3_teacher_id) values (1, 'A', 2, 3, 4, 5, 6, 7, 8, 9);
insert into classes (grade_no, section, sub1_teacher_id, sub2_teacher_id, sub3_teacher_id, sub4_teacher_id, sub5_teacher_id, osub1_teacher_id, osub2_teacher_id, osub3_teacher_id) values (2, 'A', 3, 4, 5, 6, 7, 8, 9, 10);
insert into classes (grade_no, section, sub1_teacher_id, sub2_teacher_id, sub3_teacher_id, sub4_teacher_id, sub5_teacher_id, osub1_teacher_id, osub2_teacher_id, osub3_teacher_id) values (3, 'A', 4, 5, 6, 7, 8, 9, 10, 1);
insert into classes (grade_no, section, sub1_teacher_id, sub2_teacher_id, sub3_teacher_id, sub4_teacher_id, sub5_teacher_id, osub1_teacher_id, osub2_teacher_id, osub3_teacher_id) values (4, 'A', 5, 6, 7, 8, 9, 10, 1, 2);
insert into classes (grade_no, section, sub1_teacher_id, sub2_teacher_id, sub3_teacher_id, sub4_teacher_id, sub5_teacher_id, osub1_teacher_id, osub2_teacher_id, osub3_teacher_id) values (5, 'A', 6, 7, 8, 9, 10, 1, 2, 3);
insert into classes (grade_no, section, sub1_teacher_id, sub2_teacher_id, sub3_teacher_id, sub4_teacher_id, sub5_teacher_id, osub1_teacher_id, osub2_teacher_id, osub3_teacher_id) values (6, 'A', 7, 8, 9, 10, 1, 2, 3, 4);
insert into classes (grade_no, section, sub1_teacher_id, sub2_teacher_id, sub3_teacher_id, sub4_teacher_id, sub5_teacher_id, osub1_teacher_id, osub2_teacher_id, osub3_teacher_id) values (7, 'A', 8, 9, 10, 1, 2, 3, 4, 5);
insert into classes (grade_no, section, sub1_teacher_id, sub2_teacher_id, sub3_teacher_id, sub4_teacher_id, sub5_teacher_id, osub1_teacher_id, osub2_teacher_id, osub3_teacher_id) values (8, 'A', 9, 10, 1, 2, 3, 4, 5, 6);
insert into classes (grade_no, section, sub1_teacher_id, sub2_teacher_id, sub3_teacher_id, sub4_teacher_id, sub5_teacher_id, osub1_teacher_id, osub2_teacher_id, osub3_teacher_id) values (9, 'A', 10, 1, 2, 3, 4, 5, 6, 7);
insert into classes (grade_no, section, sub1_teacher_id, sub2_teacher_id, sub3_teacher_id, sub4_teacher_id, sub5_teacher_id, osub1_teacher_id, osub2_teacher_id, osub3_teacher_id) values (10,'A',  1, 2, 3, 4, 5, 6, 7, 8);
-- B section
insert into classes (grade_no, section, sub1_teacher_id, sub2_teacher_id, sub3_teacher_id, sub4_teacher_id, sub5_teacher_id, osub1_teacher_id, osub2_teacher_id, osub3_teacher_id) values (1, 'B', 3, 4, 5, 6, 7, 8, 9, 10);
insert into classes (grade_no, section, sub1_teacher_id, sub2_teacher_id, sub3_teacher_id, sub4_teacher_id, sub5_teacher_id, osub1_teacher_id, osub2_teacher_id, osub3_teacher_id) values (2, 'B', 2, 3, 4, 5, 6, 7, 8, 9);
insert into classes (grade_no, section, sub1_teacher_id, sub2_teacher_id, sub3_teacher_id, sub4_teacher_id, sub5_teacher_id, osub1_teacher_id, osub2_teacher_id, osub3_teacher_id) values (3,'B',  1, 2, 3, 4, 5, 6, 7, 8);
insert into classes (grade_no, section, sub1_teacher_id, sub2_teacher_id, sub3_teacher_id, sub4_teacher_id, sub5_teacher_id, osub1_teacher_id, osub2_teacher_id, osub3_teacher_id) values (4, 'B', 4, 5, 6, 7, 8, 9, 10, 1);
insert into classes (grade_no, section, sub1_teacher_id, sub2_teacher_id, sub3_teacher_id, sub4_teacher_id, sub5_teacher_id, osub1_teacher_id, osub2_teacher_id, osub3_teacher_id) values (5, 'B', 5, 6, 7, 8, 9, 10, 1, 2);
insert into classes (grade_no, section, sub1_teacher_id, sub2_teacher_id, sub3_teacher_id, sub4_teacher_id, sub5_teacher_id, osub1_teacher_id, osub2_teacher_id, osub3_teacher_id) values (6, 'B', 6, 7, 8, 9, 10, 1, 2, 3);
insert into classes (grade_no, section, sub1_teacher_id, sub2_teacher_id, sub3_teacher_id, sub4_teacher_id, sub5_teacher_id, osub1_teacher_id, osub2_teacher_id, osub3_teacher_id) values (7, 'B', 7, 8, 9, 10, 1, 2, 3, 4);
insert into classes (grade_no, section, sub1_teacher_id, sub2_teacher_id, sub3_teacher_id, sub4_teacher_id, sub5_teacher_id, osub1_teacher_id, osub2_teacher_id, osub3_teacher_id) values (8, 'B', 8, 9, 10, 1, 2, 3, 4, 5);
insert into classes (grade_no, section, sub1_teacher_id, sub2_teacher_id, sub3_teacher_id, sub4_teacher_id, sub5_teacher_id, osub1_teacher_id, osub2_teacher_id, osub3_teacher_id) values (9, 'B', 9, 10, 1, 2, 3, 4, 5, 6);
insert into classes (grade_no, section, sub1_teacher_id, sub2_teacher_id, sub3_teacher_id, sub4_teacher_id, sub5_teacher_id, osub1_teacher_id, osub2_teacher_id, osub3_teacher_id) values (10, 'B', 10, 1, 2, 3, 4, 5, 6, 7);
-- C section
insert into classes (grade_no, section, sub1_teacher_id, sub2_teacher_id, sub3_teacher_id, sub4_teacher_id, sub5_teacher_id, osub1_teacher_id, osub2_teacher_id, osub3_teacher_id) values (1,'C',  1, 2, 3, 4, 5, 6, 7, 8);
insert into classes (grade_no, section, sub1_teacher_id, sub2_teacher_id, sub3_teacher_id, sub4_teacher_id, sub5_teacher_id, osub1_teacher_id, osub2_teacher_id, osub3_teacher_id) values (2, 'C', 2, 3, 4, 5, 6, 7, 8, 9);
insert into classes (grade_no, section, sub1_teacher_id, sub2_teacher_id, sub3_teacher_id, sub4_teacher_id, sub5_teacher_id, osub1_teacher_id, osub2_teacher_id, osub3_teacher_id) values (3, 'C', 3, 4, 5, 6, 7, 8, 9, 10);
insert into classes (grade_no, section, sub1_teacher_id, sub2_teacher_id, sub3_teacher_id, sub4_teacher_id, sub5_teacher_id, osub1_teacher_id, osub2_teacher_id, osub3_teacher_id) values (4, 'C', 4, 5, 6, 7, 8, 9, 10, 1);
insert into classes (grade_no, section, sub1_teacher_id, sub2_teacher_id, sub3_teacher_id, sub4_teacher_id, sub5_teacher_id, osub1_teacher_id, osub2_teacher_id, osub3_teacher_id) values (5, 'C', 5, 6, 7, 8, 9, 10, 1, 2);
insert into classes (grade_no, section, sub1_teacher_id, sub2_teacher_id, sub3_teacher_id, sub4_teacher_id, sub5_teacher_id, osub1_teacher_id, osub2_teacher_id, osub3_teacher_id) values (6, 'C', 6, 7, 8, 9, 10, 1, 2, 3);
insert into classes (grade_no, section, sub1_teacher_id, sub2_teacher_id, sub3_teacher_id, sub4_teacher_id, sub5_teacher_id, osub1_teacher_id, osub2_teacher_id, osub3_teacher_id) values (7, 'C', 7, 8, 9, 10, 1, 2, 3, 4);
insert into classes (grade_no, section, sub1_teacher_id, sub2_teacher_id, sub3_teacher_id, sub4_teacher_id, sub5_teacher_id, osub1_teacher_id, osub2_teacher_id, osub3_teacher_id) values (8, 'C', 8, 9, 10, 1, 2, 3, 4, 5);
insert into classes (grade_no, section, sub1_teacher_id, sub2_teacher_id, sub3_teacher_id, sub4_teacher_id, sub5_teacher_id, osub1_teacher_id, osub2_teacher_id, osub3_teacher_id) values (9, 'C', 9, 10, 1, 2, 3, 4, 5, 6);
insert into classes (grade_no, section, sub1_teacher_id, sub2_teacher_id, sub3_teacher_id, sub4_teacher_id, sub5_teacher_id, osub1_teacher_id, osub2_teacher_id, osub3_teacher_id) values (10, 'C', 10, 1, 2, 3, 4, 5, 6, 7);
-- D section
insert into classes (grade_no, section, sub1_teacher_id, sub2_teacher_id, sub3_teacher_id, sub4_teacher_id, sub5_teacher_id, osub1_teacher_id, osub2_teacher_id, osub3_teacher_id) values (1, 'D', 3, 4, 5, 6, 7, 8, 9, 10);
insert into classes (grade_no, section, sub1_teacher_id, sub2_teacher_id, sub3_teacher_id, sub4_teacher_id, sub5_teacher_id, osub1_teacher_id, osub2_teacher_id, osub3_teacher_id) values (2,'D',  1, 2, 3, 4, 5, 6, 7, 8);
insert into classes (grade_no, section, sub1_teacher_id, sub2_teacher_id, sub3_teacher_id, sub4_teacher_id, sub5_teacher_id, osub1_teacher_id, osub2_teacher_id, osub3_teacher_id) values (3, 'D', 4, 5, 6, 7, 8, 9, 10, 1);
insert into classes (grade_no, section, sub1_teacher_id, sub2_teacher_id, sub3_teacher_id, sub4_teacher_id, sub5_teacher_id, osub1_teacher_id, osub2_teacher_id, osub3_teacher_id) values (4, 'D', 6, 7, 8, 9, 10, 1, 2, 3);
insert into classes (grade_no, section, sub1_teacher_id, sub2_teacher_id, sub3_teacher_id, sub4_teacher_id, sub5_teacher_id, osub1_teacher_id, osub2_teacher_id, osub3_teacher_id) values (5, 'D', 5, 6, 7, 8, 9, 10, 1, 2);
insert into classes (grade_no, section, sub1_teacher_id, sub2_teacher_id, sub3_teacher_id, sub4_teacher_id, sub5_teacher_id, osub1_teacher_id, osub2_teacher_id, osub3_teacher_id) values (6, 'D', 7, 8, 9, 10, 1, 2, 3, 4);
insert into classes (grade_no, section, sub1_teacher_id, sub2_teacher_id, sub3_teacher_id, sub4_teacher_id, sub5_teacher_id, osub1_teacher_id, osub2_teacher_id, osub3_teacher_id) values (7, 'D', 10, 1, 2, 3, 4, 5, 6, 7);
insert into classes (grade_no, section, sub1_teacher_id, sub2_teacher_id, sub3_teacher_id, sub4_teacher_id, sub5_teacher_id, osub1_teacher_id, osub2_teacher_id, osub3_teacher_id) values (8, 'D', 9, 10, 1, 2, 3, 4, 5, 6);
insert into classes (grade_no, section, sub1_teacher_id, sub2_teacher_id, sub3_teacher_id, sub4_teacher_id, sub5_teacher_id, osub1_teacher_id, osub2_teacher_id, osub3_teacher_id) values (9, 'D', 2, 3, 4, 5, 6, 7, 8, 9);
insert into classes (grade_no, section, sub1_teacher_id, sub2_teacher_id, sub3_teacher_id, sub4_teacher_id, sub5_teacher_id, osub1_teacher_id, osub2_teacher_id, osub3_teacher_id) values (10, 'D', 8, 9, 10, 1, 2, 3, 4, 5);

-- Demo Students (25 students in each class)
INSERT INTO students (student_name, class_id, osub1_id, osub2_id) VALUES ('Vonni Kermon', '1', '7', '8');
INSERT INTO students (student_name, class_id, osub1_id, osub2_id) VALUES ('Robbie Chree', '2', '9', '8');
INSERT INTO students (student_name, class_id, osub1_id, osub2_id) VALUES ('Brandtr Axton', '3', '10', '9');
INSERT INTO students (student_name, class_id, osub1_id, osub2_id) VALUES ('Arnuad Onele', '4', '1', '10');
INSERT INTO students (student_name, class_id, osub1_id, osub2_id) VALUES ('Hobart Golby', '5', '2', '3');
INSERT INTO students (student_name, class_id, osub1_id, osub2_id) VALUES ('Sisely Carratt', '6', '4', '2');
INSERT INTO students (student_name, class_id, osub1_id, osub2_id) VALUES ('Cathee Tunny', '7', '5', '4');
INSERT INTO students (student_name, class_id, osub1_id, osub2_id) VALUES ('Gabie Woodrup', '8', '4', '5');
INSERT INTO students (student_name, class_id, osub1_id, osub2_id) VALUES ('Jeffy Keegan', '9', '5', '7');
INSERT INTO students (student_name, class_id, osub1_id, osub2_id) VALUES ('Omar Franceschino', '10', '7', '6');
INSERT INTO students (student_name, class_id, osub1_id, osub2_id) VALUES ('Eduardo Kupisz', '11', '9', '8');
INSERT INTO students (student_name, class_id, osub1_id, osub2_id) VALUES ('Way Dockrill', '12', '8', '9');
INSERT INTO students (student_name, class_id, osub1_id, osub2_id) VALUES ('Alisun Gossage', '13', '1', '9');
INSERT INTO students (student_name, class_id, osub1_id, osub2_id) VALUES ('Danice Wyvill', '14', '2', '1');
INSERT INTO students (student_name, class_id, osub1_id, osub2_id) VALUES ('Nealy Ghelardoni', '15', '2', '1');
INSERT INTO students (student_name, class_id, osub1_id, osub2_id) VALUES ('Quillan Elegood', '16', '2', '4');
INSERT INTO students (student_name, class_id, osub1_id, osub2_id) VALUES ('Noella Soreau', '17', '5', '3');
INSERT INTO students (student_name, class_id, osub1_id, osub2_id) VALUES ('Romeo Hayden', '18', '6', '5');
INSERT INTO students (student_name, class_id, osub1_id, osub2_id) VALUES ('Raynor Cawthra', '19', '7', '6');
INSERT INTO students (student_name, class_id, osub1_id, osub2_id) VALUES ('Bernie Tiron', '20', '8', '6');
INSERT INTO students (student_name, class_id, osub1_id, osub2_id) VALUES ('Antin Lightoller', '21', '8', '9');
INSERT INTO students (student_name, class_id, osub1_id, osub2_id) VALUES ('Leena Bracknall', '22', '9', '10');
INSERT INTO students (student_name, class_id, osub1_id, osub2_id) VALUES ('Jolene Sorrie', '23', '1', '10');
INSERT INTO students (student_name, class_id, osub1_id, osub2_id) VALUES ('Emiline Munkton', '24', '2', '1');
INSERT INTO students (student_name, class_id, osub1_id, osub2_id) VALUES ('Olvan Wiggans', '25', '2', '1');
INSERT INTO students (student_name, class_id, osub1_id, osub2_id) VALUES ('Nissa Josovich', '26', '2', '4');
INSERT INTO students (student_name, class_id, osub1_id, osub2_id) VALUES ('Brett Holbury', '27', '5', '4');
INSERT INTO students (student_name, class_id, osub1_id, osub2_id) VALUES ('Shalne Archibold', '28', '5', '4');
INSERT INTO students (student_name, class_id, osub1_id, osub2_id) VALUES ('Royce Smalecombe', '29', '7', '5');
INSERT INTO students (student_name, class_id, osub1_id, osub2_id) VALUES ('Halsey January', '30', '7', '6');
INSERT INTO students (student_name, class_id, osub1_id, osub2_id) VALUES ('Tarah Lloyd', '31', '7', '9');
INSERT INTO students (student_name, class_id, osub1_id, osub2_id) VALUES ('Garrard Worvell', '32', '9', '10');
INSERT INTO students (student_name, class_id, osub1_id, osub2_id) VALUES ('Arlee Airlie', '33', '10', '1');
INSERT INTO students (student_name, class_id, osub1_id, osub2_id) VALUES ('Tye Culligan', '34', '10', '2');
INSERT INTO students (student_name, class_id, osub1_id, osub2_id) VALUES ('Manny Vasishchev', '35', '1', '2');
INSERT INTO students (student_name, class_id, osub1_id, osub2_id) VALUES ('Bertie Fitzgerald', '36', '4', '2');
INSERT INTO students (student_name, class_id, osub1_id, osub2_id) VALUES ('Corrianne Mereweather', '37', '4', '5');
INSERT INTO students (student_name, class_id, osub1_id, osub2_id) VALUES ('Marion Shorter', '38', '5', '4');
INSERT INTO students (student_name, class_id, osub1_id, osub2_id) VALUES ('Conchita Brewers', '39', '7', '5');
INSERT INTO students (student_name, class_id, osub1_id, osub2_id) VALUES ('Glen Copo', '40', '7', '8');
INSERT INTO students (student_name, class_id, osub1_id, osub2_id) VALUES ('Chase Sarson', '1', '9', '8');
INSERT INTO students (student_name, class_id, osub1_id, osub2_id) VALUES ('Fionna Wigginton', '2', '9', '8');
INSERT INTO students (student_name, class_id, osub1_id, osub2_id) VALUES ('Loraine Pawsey', '3', '10', '1');
INSERT INTO students (student_name, class_id, osub1_id, osub2_id) VALUES ('Benita Briddock', '4', '10', '1');
INSERT INTO students (student_name, class_id, osub1_id, osub2_id) VALUES ('Wynne McMorran', '5', '2', '1');
INSERT INTO students (student_name, class_id, osub1_id, osub2_id) VALUES ('Klaus Cordelle', '6', '4', '2');
INSERT INTO students (student_name, class_id, osub1_id, osub2_id) VALUES ('Krispin Boltwood', '7', '4', '3');
INSERT INTO students (student_name, class_id, osub1_id, osub2_id) VALUES ('Bernarr Etridge', '8', '6', '4');
INSERT INTO students (student_name, class_id, osub1_id, osub2_id) VALUES ('Ronnie Sheraton', '9', '7', '5');
INSERT INTO students (student_name, class_id, osub1_id, osub2_id) VALUES ('Jean Reuven', '10', '6', '8');
INSERT INTO students (student_name, class_id, osub1_id, osub2_id) VALUES ('Pansie Fendlen', '11', '8', '9');
INSERT INTO students (student_name, class_id, osub1_id, osub2_id) VALUES ('Mose Garlant', '12', '10', '9');
INSERT INTO students (student_name, class_id, osub1_id, osub2_id) VALUES ('Lucais Britner', '13', '10', '1');
INSERT INTO students (student_name, class_id, osub1_id, osub2_id) VALUES ('Xever Petters', '14', '2', '1');
INSERT INTO students (student_name, class_id, osub1_id, osub2_id) VALUES ('Pier Cardenoso', '15', '3', '1');
INSERT INTO students (student_name, class_id, osub1_id, osub2_id) VALUES ('Elie Lockier', '16', '4', '2');
INSERT INTO students (student_name, class_id, osub1_id, osub2_id) VALUES ('Cass Matousek', '17', '5', '3');
INSERT INTO students (student_name, class_id, osub1_id, osub2_id) VALUES ('Wilhelmine Rushe', '18', '6', '5');
INSERT INTO students (student_name, class_id, osub1_id, osub2_id) VALUES ('Pauletta Maiklem', '19', '5', '6');
INSERT INTO students (student_name, class_id, osub1_id, osub2_id) VALUES ('Jessamyn McGarrahan', '20', '8', '7');
INSERT INTO students (student_name, class_id, osub1_id, osub2_id) VALUES ('Cindra Wrench', '21', '9', '7');
INSERT INTO students (student_name, class_id, osub1_id, osub2_id) VALUES ('Adolpho Fronek', '22', '10', '9');
INSERT INTO students (student_name, class_id, osub1_id, osub2_id) VALUES ('Berry Saur', '23', '9', '1');
INSERT INTO students (student_name, class_id, osub1_id, osub2_id) VALUES ('Joyan Branson', '24', '2', '10');
INSERT INTO students (student_name, class_id, osub1_id, osub2_id) VALUES ('Lusa Meany', '25', '1', '3');
INSERT INTO students (student_name, class_id, osub1_id, osub2_id) VALUES ('Ashely Mersey', '26', '3', '4');
INSERT INTO students (student_name, class_id, osub1_id, osub2_id) VALUES ('Cindy Gammack', '27', '5', '4');
INSERT INTO students (student_name, class_id, osub1_id, osub2_id) VALUES ('Rosaleen Mennithorp', '28', '4', '6');
INSERT INTO students (student_name, class_id, osub1_id, osub2_id) VALUES ('Marcos Missenden', '29', '5', '7');
INSERT INTO students (student_name, class_id, osub1_id, osub2_id) VALUES ('Ajay Sergison', '30', '8', '7');
INSERT INTO students (student_name, class_id, osub1_id, osub2_id) VALUES ('Abbey Dagwell', '31', '7', '8');
INSERT INTO students (student_name, class_id, osub1_id, osub2_id) VALUES ('Eldredge Caltera', '32', '8', '10');
INSERT INTO students (student_name, class_id, osub1_id, osub2_id) VALUES ('Fernando Libby', '33', '1', '10');
INSERT INTO students (student_name, class_id, osub1_id, osub2_id) VALUES ('Petunia Buy', '34', '2', '1');
INSERT INTO students (student_name, class_id, osub1_id, osub2_id) VALUES ('Donaugh Slides', '35', '3', '2');
INSERT INTO students (student_name, class_id, osub1_id, osub2_id) VALUES ('Zsazsa Holttom', '36', '4', '3');
INSERT INTO students (student_name, class_id, osub1_id, osub2_id) VALUES ('Daren O Scandall', '37', '4', '5');
INSERT INTO students (student_name, class_id, osub1_id, osub2_id) VALUES ('Farr Gooly', '38', '5', '6');
INSERT INTO students (student_name, class_id, osub1_id, osub2_id) VALUES ('Ive Jerzycowski', '39', '6', '5');
INSERT INTO students (student_name, class_id, osub1_id, osub2_id) VALUES ('Denys Sharples', '40', '7', '8');
INSERT INTO students (student_name, class_id, osub1_id, osub2_id) VALUES ('Gelya Conradsen', '1', '7', '8');
INSERT INTO students (student_name, class_id, osub1_id, osub2_id) VALUES ('Curran Eagell', '2', '8', '10');
INSERT INTO students (student_name, class_id, osub1_id, osub2_id) VALUES ('Emory Lansdowne', '3', '10', '1');
INSERT INTO students (student_name, class_id, osub1_id, osub2_id) VALUES ('Justinian Lalor', '4', '10', '1');
INSERT INTO students (student_name, class_id, osub1_id, osub2_id) VALUES ('Archer Glennard', '5', '1', '2');
INSERT INTO students (student_name, class_id, osub1_id, osub2_id) VALUES ('Casey Saurat', '6', '4', '3');
INSERT INTO students (student_name, class_id, osub1_id, osub2_id) VALUES ('Fitz Van Dalen', '7', '5', '4');
INSERT INTO students (student_name, class_id, osub1_id, osub2_id) VALUES ('Ninon Ojeda', '8', '5', '4');
INSERT INTO students (student_name, class_id, osub1_id, osub2_id) VALUES ('Manny Alderwick', '9', '7', '6');
INSERT INTO students (student_name, class_id, osub1_id, osub2_id) VALUES ('Lonee Rasor', '10', '8', '6');
INSERT INTO students (student_name, class_id, osub1_id, osub2_id) VALUES ('Cristionna Wildgoose', '11', '8', '7');
INSERT INTO students (student_name, class_id, osub1_id, osub2_id) VALUES ('Erminia Shiell', '12', '9', '10');
INSERT INTO students (student_name, class_id, osub1_id, osub2_id) VALUES ('Lotty Hessing', '13', '10', '9');
INSERT INTO students (student_name, class_id, osub1_id, osub2_id) VALUES ('Hermine Spraging', '14', '10', '1');
INSERT INTO students (student_name, class_id, osub1_id, osub2_id) VALUES ('Jessica Hellens', '15', '2', '1');
INSERT INTO students (student_name, class_id, osub1_id, osub2_id) VALUES ('Ive Cowland', '16', '4', '3');
INSERT INTO students (student_name, class_id, osub1_id, osub2_id) VALUES ('Kacie Motto', '17', '4', '3');
INSERT INTO students (student_name, class_id, osub1_id, osub2_id) VALUES ('Rayna Renn', '18', '6', '4');
INSERT INTO students (student_name, class_id, osub1_id, osub2_id) VALUES ('Carlyle Saleway', '19', '5', '7');
INSERT INTO students (student_name, class_id, osub1_id, osub2_id) VALUES ('Rosene Isacke', '20', '8', '7');
INSERT INTO students (student_name, class_id, osub1_id, osub2_id) VALUES ('Silvan Dupree', '21', '7', '8');
INSERT INTO students (student_name, class_id, osub1_id, osub2_id) VALUES ('Alex Yuryaev', '22', '8', '10');
INSERT INTO students (student_name, class_id, osub1_id, osub2_id) VALUES ('Nonna Gudgin', '23', '1', '10');
INSERT INTO students (student_name, class_id, osub1_id, osub2_id) VALUES ('Estele Odgers', '24', '1', '2');
INSERT INTO students (student_name, class_id, osub1_id, osub2_id) VALUES ('Jazmin Gooderridge', '25', '1', '2');
INSERT INTO students (student_name, class_id, osub1_id, osub2_id) VALUES ('Merilee Webling', '26', '3', '4');
INSERT INTO students (student_name, class_id, osub1_id, osub2_id) VALUES ('Rania Hum', '27', '3', '5');
INSERT INTO students (student_name, class_id, osub1_id, osub2_id) VALUES ('Gerianna Cottingham', '28', '5', '4');
INSERT INTO students (student_name, class_id, osub1_id, osub2_id) VALUES ('Briant Bilsland', '29', '7', '6');
INSERT INTO students (student_name, class_id, osub1_id, osub2_id) VALUES ('Alie Benoey', '30', '7', '8');
INSERT INTO students (student_name, class_id, osub1_id, osub2_id) VALUES ('Scarlett Obey', '31', '8', '9');
INSERT INTO students (student_name, class_id, osub1_id, osub2_id) VALUES ('Brita Hanley', '32', '8', '9');
INSERT INTO students (student_name, class_id, osub1_id, osub2_id) VALUES ('Roxine Croysdale', '33', '10', '9');
INSERT INTO students (student_name, class_id, osub1_id, osub2_id) VALUES ('Ollie Butland', '34', '2', '10');
INSERT INTO students (student_name, class_id, osub1_id, osub2_id) VALUES ('Janeczka McGloin', '35', '3', '1');
INSERT INTO students (student_name, class_id, osub1_id, osub2_id) VALUES ('Catarina Goode', '36', '3', '4');
INSERT INTO students (student_name, class_id, osub1_id, osub2_id) VALUES ('Eal Varns', '37', '5', '3');
INSERT INTO students (student_name, class_id, osub1_id, osub2_id) VALUES ('Yoshiko Toop', '38', '5', '6');
INSERT INTO students (student_name, class_id, osub1_id, osub2_id) VALUES ('Cherey Corthes', '39', '5', '7');
INSERT INTO students (student_name, class_id, osub1_id, osub2_id) VALUES ('Vivienne Sulter', '40', '6', '8');
INSERT INTO students (student_name, class_id, osub1_id, osub2_id) VALUES ('Noll Worrell', '1', '8', '7');
INSERT INTO students (student_name, class_id, osub1_id, osub2_id) VALUES ('Vernon Shutte', '2', '9', '10');
INSERT INTO students (student_name, class_id, osub1_id, osub2_id) VALUES ('Zabrina Rumbelow', '3', '10', '9');
INSERT INTO students (student_name, class_id, osub1_id, osub2_id) VALUES ('Janaye Spore', '4', '2', '10');
INSERT INTO students (student_name, class_id, osub1_id, osub2_id) VALUES ('Sherilyn McMenamie', '5', '3', '1');
INSERT INTO students (student_name, class_id, osub1_id, osub2_id) VALUES ('Wheeler Callan', '6', '3', '2');
INSERT INTO students (student_name, class_id, osub1_id, osub2_id) VALUES ('Abigael Swate', '7', '3', '5');
INSERT INTO students (student_name, class_id, osub1_id, osub2_id) VALUES ('Darlene Ziems', '8', '5', '4');
INSERT INTO students (student_name, class_id, osub1_id, osub2_id) VALUES ('Cinda Pelfer', '9', '5', '7');
INSERT INTO students (student_name, class_id, osub1_id, osub2_id) VALUES ('Marylou Harbard', '10', '7', '6');
INSERT INTO students (student_name, class_id, osub1_id, osub2_id) VALUES ('Halette Dowda', '11', '8', '7');
INSERT INTO students (student_name, class_id, osub1_id, osub2_id) VALUES ('Bobinette Castelli', '12', '10', '8');
INSERT INTO students (student_name, class_id, osub1_id, osub2_id) VALUES ('Shirline Zini', '13', '9', '10');
INSERT INTO students (student_name, class_id, osub1_id, osub2_id) VALUES ('Neely Raiment', '14', '10', '1');
INSERT INTO students (student_name, class_id, osub1_id, osub2_id) VALUES ('Delinda Desport', '15', '2', '1');
INSERT INTO students (student_name, class_id, osub1_id, osub2_id) VALUES ('Garv Phayre', '16', '3', '4');
INSERT INTO students (student_name, class_id, osub1_id, osub2_id) VALUES ('Odella Crummay', '17', '3', '5');
INSERT INTO students (student_name, class_id, osub1_id, osub2_id) VALUES ('Melinda Cottell', '18', '4', '5');
INSERT INTO students (student_name, class_id, osub1_id, osub2_id) VALUES ('Cyrus Poluzzi', '19', '5', '7');
INSERT INTO students (student_name, class_id, osub1_id, osub2_id) VALUES ('Rollie McGebenay', '20', '8', '6');
INSERT INTO students (student_name, class_id, osub1_id, osub2_id) VALUES ('Man Peirpoint', '21', '9', '7');
INSERT INTO students (student_name, class_id, osub1_id, osub2_id) VALUES ('Kass Sweedland', '22', '10', '9');
INSERT INTO students (student_name, class_id, osub1_id, osub2_id) VALUES ('Thatch Ibbott', '23', '1', '9');
INSERT INTO students (student_name, class_id, osub1_id, osub2_id) VALUES ('Tova Allin', '24', '10', '1');
INSERT INTO students (student_name, class_id, osub1_id, osub2_id) VALUES ('Mariette Salmond', '25', '1', '3');
INSERT INTO students (student_name, class_id, osub1_id, osub2_id) VALUES ('Corina Bulfoot', '26', '3', '4');
INSERT INTO students (student_name, class_id, osub1_id, osub2_id) VALUES ('Carce Birtle', '27', '3', '4');
INSERT INTO students (student_name, class_id, osub1_id, osub2_id) VALUES ('Igor Brandom', '28', '6', '4');
INSERT INTO students (student_name, class_id, osub1_id, osub2_id) VALUES ('Harald Landsman', '29', '5', '6');
INSERT INTO students (student_name, class_id, osub1_id, osub2_id) VALUES ('Clarice Nelissen', '30', '6', '7');
INSERT INTO students (student_name, class_id, osub1_id, osub2_id) VALUES ('Henrieta Whiskerd', '31', '8', '9');
INSERT INTO students (student_name, class_id, osub1_id, osub2_id) VALUES ('Emlyn Jurick', '32', '8', '10');
INSERT INTO students (student_name, class_id, osub1_id, osub2_id) VALUES ('Wallis Hartshorn', '33', '1', '9');
INSERT INTO students (student_name, class_id, osub1_id, osub2_id) VALUES ('Abdel Hurche', '34', '10', '2');
INSERT INTO students (student_name, class_id, osub1_id, osub2_id) VALUES ('Gilemette Tillman', '35', '2', '1');
INSERT INTO students (student_name, class_id, osub1_id, osub2_id) VALUES ('Sharla Gribbins', '36', '4', '2');
INSERT INTO students (student_name, class_id, osub1_id, osub2_id) VALUES ('Lyssa Forestel', '37', '3', '5');
INSERT INTO students (student_name, class_id, osub1_id, osub2_id) VALUES ('Mortie Allan', '38', '4', '6');
INSERT INTO students (student_name, class_id, osub1_id, osub2_id) VALUES ('Mommy Costello', '39', '7', '5');
INSERT INTO students (student_name, class_id, osub1_id, osub2_id) VALUES ('Byrom Dyett', '40', '6', '8');
INSERT INTO students (student_name, class_id, osub1_id, osub2_id) VALUES ('Bartolomeo Oehm', '1', '7', '8');
INSERT INTO students (student_name, class_id, osub1_id, osub2_id) VALUES ('Chrystel Bruneton', '2', '10', '9');
INSERT INTO students (student_name, class_id, osub1_id, osub2_id) VALUES ('Sheila-kathryn MacPadene', '3', '9', '1');
INSERT INTO students (student_name, class_id, osub1_id, osub2_id) VALUES ('Nathalie Colerick', '4', '2', '1');
INSERT INTO students (student_name, class_id, osub1_id, osub2_id) VALUES ('Nessa Litchmore', '5', '2', '3');
INSERT INTO students (student_name, class_id, osub1_id, osub2_id) VALUES ('Izaak Phythien', '6', '3', '4');
INSERT INTO students (student_name, class_id, osub1_id, osub2_id) VALUES ('Timothee Slimm', '7', '5', '4');
INSERT INTO students (student_name, class_id, osub1_id, osub2_id) VALUES ('Magnum Abrahami', '8', '4', '6');
INSERT INTO students (student_name, class_id, osub1_id, osub2_id) VALUES ('Becki Welham', '9', '6', '5');
INSERT INTO students (student_name, class_id, osub1_id, osub2_id) VALUES ('Trixy Frankiss', '10', '6', '8');
INSERT INTO students (student_name, class_id, osub1_id, osub2_id) VALUES ('Juan Mion', '11', '7', '8');
INSERT INTO students (student_name, class_id, osub1_id, osub2_id) VALUES ('Michaeline Fasler', '12', '10', '8');
INSERT INTO students (student_name, class_id, osub1_id, osub2_id) VALUES ('Gallard McNysche', '13', '10', '1');
INSERT INTO students (student_name, class_id, osub1_id, osub2_id) VALUES ('Cecily Skrines', '14', '2', '1');
INSERT INTO students (student_name, class_id, osub1_id, osub2_id) VALUES ('Jorey Spoor', '15', '1', '3');
INSERT INTO students (student_name, class_id, osub1_id, osub2_id) VALUES ('Jordain Creddon', '16', '4', '2');
INSERT INTO students (student_name, class_id, osub1_id, osub2_id) VALUES ('Margalit Jagg', '17', '3', '4');
INSERT INTO students (student_name, class_id, osub1_id, osub2_id) VALUES ('Alessandra Escalera', '18', '6', '4');
INSERT INTO students (student_name, class_id, osub1_id, osub2_id) VALUES ('Alli Cawthera', '19', '5', '7');
INSERT INTO students (student_name, class_id, osub1_id, osub2_id) VALUES ('Pansy Train', '20', '6', '7');
INSERT INTO students (student_name, class_id, osub1_id, osub2_id) VALUES ('Dominic Curryer', '21', '7', '8');
INSERT INTO students (student_name, class_id, osub1_id, osub2_id) VALUES ('Shannon Fardell', '22', '9', '8');
INSERT INTO students (student_name, class_id, osub1_id, osub2_id) VALUES ('Kilian Pedlingham', '23', '9', '10');
INSERT INTO students (student_name, class_id, osub1_id, osub2_id) VALUES ('Rosabel Alti', '24', '10', '1');
INSERT INTO students (student_name, class_id, osub1_id, osub2_id) VALUES ('Virgil Mainston', '25', '2', '1');
INSERT INTO students (student_name, class_id, osub1_id, osub2_id) VALUES ('Cathy Bynert', '26', '2', '3');
INSERT INTO students (student_name, class_id, osub1_id, osub2_id) VALUES ('Trude Brawley', '27', '5', '3');
INSERT INTO students (student_name, class_id, osub1_id, osub2_id) VALUES ('Wally Gamon', '28', '4', '5');
INSERT INTO students (student_name, class_id, osub1_id, osub2_id) VALUES ('Martin Stitcher', '29', '6', '7');
INSERT INTO students (student_name, class_id, osub1_id, osub2_id) VALUES ('Stefano Kerton', '30', '7', '6');
INSERT INTO students (student_name, class_id, osub1_id, osub2_id) VALUES ('Lida Josupeit', '31', '9', '8');
INSERT INTO students (student_name, class_id, osub1_id, osub2_id) VALUES ('See Balogun', '32', '10', '9');
INSERT INTO students (student_name, class_id, osub1_id, osub2_id) VALUES ('Tymon Borel', '33', '9', '1');
INSERT INTO students (student_name, class_id, osub1_id, osub2_id) VALUES ('Francyne Bamlet', '34', '1', '2');
INSERT INTO students (student_name, class_id, osub1_id, osub2_id) VALUES ('Robby Pettiford', '35', '1', '2');
INSERT INTO students (student_name, class_id, osub1_id, osub2_id) VALUES ('Justis Romagnosi', '36', '3', '2');
INSERT INTO students (student_name, class_id, osub1_id, osub2_id) VALUES ('Danell Pawelek', '37', '5', '3');
INSERT INTO students (student_name, class_id, osub1_id, osub2_id) VALUES ('Gherardo Aymes', '38', '5', '6');
INSERT INTO students (student_name, class_id, osub1_id, osub2_id) VALUES ('Bennie Kleinschmidt', '39', '7', '6');
INSERT INTO students (student_name, class_id, osub1_id, osub2_id) VALUES ('Morgana Kleen', '40', '6', '8');
INSERT INTO students (student_name, class_id, osub1_id, osub2_id) VALUES ('Mari Matyushkin', '1', '7', '8');
INSERT INTO students (student_name, class_id, osub1_id, osub2_id) VALUES ('Jedidiah Czapla', '2', '8', '9');
INSERT INTO students (student_name, class_id, osub1_id, osub2_id) VALUES ('Edeline Blatcher', '3', '9', '10');
INSERT INTO students (student_name, class_id, osub1_id, osub2_id) VALUES ('Angela Courage', '4', '10', '1');
INSERT INTO students (student_name, class_id, osub1_id, osub2_id) VALUES ('Vicki Noods', '5', '3', '2');
INSERT INTO students (student_name, class_id, osub1_id, osub2_id) VALUES ('Jemimah Mixon', '6', '2', '4');
INSERT INTO students (student_name, class_id, osub1_id, osub2_id) VALUES ('Harland Gunter', '7', '3', '5');
INSERT INTO students (student_name, class_id, osub1_id, osub2_id) VALUES ('Giraud Yersin', '8', '5', '4');
INSERT INTO students (student_name, class_id, osub1_id, osub2_id) VALUES ('Adrianna Borsi', '9', '7', '5');
INSERT INTO students (student_name, class_id, osub1_id, osub2_id) VALUES ('Allie Braddon', '10', '8', '6');
INSERT INTO students (student_name, class_id, osub1_id, osub2_id) VALUES ('Ethelind Heibel', '11', '8', '9');
INSERT INTO students (student_name, class_id, osub1_id, osub2_id) VALUES ('Vanda Carnihan', '12', '10', '8');
INSERT INTO students (student_name, class_id, osub1_id, osub2_id) VALUES ('Eudora Caddens', '13', '10', '1');
INSERT INTO students (student_name, class_id, osub1_id, osub2_id) VALUES ('Alley Laimable', '14', '10', '2');
INSERT INTO students (student_name, class_id, osub1_id, osub2_id) VALUES ('Noelle Kenyon', '15', '1', '3');
INSERT INTO students (student_name, class_id, osub1_id, osub2_id) VALUES ('Ange Kenyam', '16', '4', '2');
INSERT INTO students (student_name, class_id, osub1_id, osub2_id) VALUES ('Hilario Audrey', '17', '3', '4');
INSERT INTO students (student_name, class_id, osub1_id, osub2_id) VALUES ('Jeremias Mapam', '18', '6', '5');
INSERT INTO students (student_name, class_id, osub1_id, osub2_id) VALUES ('Saidee Murdoch', '19', '7', '6');
INSERT INTO students (student_name, class_id, osub1_id, osub2_id) VALUES ('Patsy Ambrogiotti', '20', '8', '6');
INSERT INTO students (student_name, class_id, osub1_id, osub2_id) VALUES ('Ariel Gouthier', '21', '9', '8');
INSERT INTO students (student_name, class_id, osub1_id, osub2_id) VALUES ('Harrietta Rickhuss', '22', '8', '9');
INSERT INTO students (student_name, class_id, osub1_id, osub2_id) VALUES ('Harold FitzGibbon', '23', '10', '1');
INSERT INTO students (student_name, class_id, osub1_id, osub2_id) VALUES ('Giulia Trudgeon', '24', '10', '2');
INSERT INTO students (student_name, class_id, osub1_id, osub2_id) VALUES ('Elfrida Shakesby', '25', '3', '2');
INSERT INTO students (student_name, class_id, osub1_id, osub2_id) VALUES ('Brandie Aplin', '26', '2', '3');
INSERT INTO students (student_name, class_id, osub1_id, osub2_id) VALUES ('Ninon Baumber', '27', '3', '5');
INSERT INTO students (student_name, class_id, osub1_id, osub2_id) VALUES ('Jayne Crumly', '28', '4', '5');
INSERT INTO students (student_name, class_id, osub1_id, osub2_id) VALUES ('Laure Fairpo', '29', '5', '6');
INSERT INTO students (student_name, class_id, osub1_id, osub2_id) VALUES ('Sandy Mulroy', '30', '6', '8');
INSERT INTO students (student_name, class_id, osub1_id, osub2_id) VALUES ('Adiana Cicculini', '31', '8', '9');
INSERT INTO students (student_name, class_id, osub1_id, osub2_id) VALUES ('Stacy Killerby', '32', '8', '9');
INSERT INTO students (student_name, class_id, osub1_id, osub2_id) VALUES ('Elisabetta Lackey', '33', '10', '9');
INSERT INTO students (student_name, class_id, osub1_id, osub2_id) VALUES ('Connor O Halleghane', '34', '2', '10');
INSERT INTO students (student_name, class_id, osub1_id, osub2_id) VALUES ('Hortensia Stoneley', '35', '3', '2');
INSERT INTO students (student_name, class_id, osub1_id, osub2_id) VALUES ('Walliw Richichi', '36', '2', '3');
INSERT INTO students (student_name, class_id, osub1_id, osub2_id) VALUES ('Queenie Dutnall', '37', '3', '4');
INSERT INTO students (student_name, class_id, osub1_id, osub2_id) VALUES ('Mufi Lawranson', '38', '5', '4');
INSERT INTO students (student_name, class_id, osub1_id, osub2_id) VALUES ('Erena Ciccoloi', '39', '7', '5');
INSERT INTO students (student_name, class_id, osub1_id, osub2_id) VALUES ('Dolly Demetr', '40', '7', '8');
INSERT INTO students (student_name, class_id, osub1_id, osub2_id) VALUES ('Shaylyn Mowett', '1', '9', '7');
INSERT INTO students (student_name, class_id, osub1_id, osub2_id) VALUES ('Wolfy Trowsdall', '2', '8', '9');
INSERT INTO students (student_name, class_id, osub1_id, osub2_id) VALUES ('Sabine Rotter', '3', '1', '10');
INSERT INTO students (student_name, class_id, osub1_id, osub2_id) VALUES ('Emmit Gowrich', '4', '2', '1');
INSERT INTO students (student_name, class_id, osub1_id, osub2_id) VALUES ('Dayna Stanett', '5', '1', '2');
INSERT INTO students (student_name, class_id, osub1_id, osub2_id) VALUES ('Paulie Ffoulkes', '6', '3', '4');
INSERT INTO students (student_name, class_id, osub1_id, osub2_id) VALUES ('Dareen Chomicki', '7', '4', '5');
INSERT INTO students (student_name, class_id, osub1_id, osub2_id) VALUES ('Aguistin Blannin', '8', '4', '6');
INSERT INTO students (student_name, class_id, osub1_id, osub2_id) VALUES ('Giusto Orred', '9', '5', '7');
INSERT INTO students (student_name, class_id, osub1_id, osub2_id) VALUES ('Benedetta Fehner', '10', '8', '7');
INSERT INTO students (student_name, class_id, osub1_id, osub2_id) VALUES ('Janek Francescone', '11', '9', '8');
INSERT INTO students (student_name, class_id, osub1_id, osub2_id) VALUES ('Ellwood Beernaert', '12', '10', '9');
INSERT INTO students (student_name, class_id, osub1_id, osub2_id) VALUES ('Ignatius Dundon', '13', '9', '10');
INSERT INTO students (student_name, class_id, osub1_id, osub2_id) VALUES ('Pepita Pittaway', '14', '2', '10');
INSERT INTO students (student_name, class_id, osub1_id, osub2_id) VALUES ('Candide McKune', '15', '3', '2');
INSERT INTO students (student_name, class_id, osub1_id, osub2_id) VALUES ('Merci Pawlyn', '16', '4', '3');
INSERT INTO students (student_name, class_id, osub1_id, osub2_id) VALUES ('Lenora Novill', '17', '4', '5');
INSERT INTO students (student_name, class_id, osub1_id, osub2_id) VALUES ('Teddi Fawlo', '18', '4', '6');
INSERT INTO students (student_name, class_id, osub1_id, osub2_id) VALUES ('Elysha Purkis', '19', '7', '6');
INSERT INTO students (student_name, class_id, osub1_id, osub2_id) VALUES ('Gertrudis Pegden', '20', '6', '8');
INSERT INTO students (student_name, class_id, osub1_id, osub2_id) VALUES ('Flin Wilmington', '21', '9', '8');
INSERT INTO students (student_name, class_id, osub1_id, osub2_id) VALUES ('Easter Clemence', '22', '10', '9');
INSERT INTO students (student_name, class_id, osub1_id, osub2_id) VALUES ('Lolly Palfreyman', '23', '1', '10');
INSERT INTO students (student_name, class_id, osub1_id, osub2_id) VALUES ('Obadiah Pinkie', '24', '10', '1');
INSERT INTO students (student_name, class_id, osub1_id, osub2_id) VALUES ('Nataniel Hellings', '25', '2', '1');
INSERT INTO students (student_name, class_id, osub1_id, osub2_id) VALUES ('Vincenz Guillot', '26', '3', '2');
INSERT INTO students (student_name, class_id, osub1_id, osub2_id) VALUES ('Addy Shuttell', '27', '4', '5');
INSERT INTO students (student_name, class_id, osub1_id, osub2_id) VALUES ('Marya Mardlin', '28', '6', '5');
INSERT INTO students (student_name, class_id, osub1_id, osub2_id) VALUES ('Fredra Rablen', '29', '6', '7');
INSERT INTO students (student_name, class_id, osub1_id, osub2_id) VALUES ('Brannon Ellerbeck', '30', '6', '8');
INSERT INTO students (student_name, class_id, osub1_id, osub2_id) VALUES ('Serene Larvent', '31', '8', '7');
INSERT INTO students (student_name, class_id, osub1_id, osub2_id) VALUES ('Gale Emanson', '32', '8', '10');
INSERT INTO students (student_name, class_id, osub1_id, osub2_id) VALUES ('Heida Brozek', '33', '9', '10');
INSERT INTO students (student_name, class_id, osub1_id, osub2_id) VALUES ('Ira Ram', '34', '10', '1');
INSERT INTO students (student_name, class_id, osub1_id, osub2_id) VALUES ('Kacy Lasham', '35', '3', '1');
INSERT INTO students (student_name, class_id, osub1_id, osub2_id) VALUES ('Gizela Angeau', '36', '3', '2');
INSERT INTO students (student_name, class_id, osub1_id, osub2_id) VALUES ('Huberto Simmonds', '37', '4', '5');
INSERT INTO students (student_name, class_id, osub1_id, osub2_id) VALUES ('Katherine Sedwick', '38', '5', '6');
INSERT INTO students (student_name, class_id, osub1_id, osub2_id) VALUES ('Netty Benadette', '39', '7', '6');
INSERT INTO students (student_name, class_id, osub1_id, osub2_id) VALUES ('Elliott Lycett', '40', '6', '8');
INSERT INTO students (student_name, class_id, osub1_id, osub2_id) VALUES ('Janaye Titcumb', '1', '7', '8');
INSERT INTO students (student_name, class_id, osub1_id, osub2_id) VALUES ('Lyndell Fanshawe', '2', '9', '10');
INSERT INTO students (student_name, class_id, osub1_id, osub2_id) VALUES ('Grazia Quilleash', '3', '9', '1');
INSERT INTO students (student_name, class_id, osub1_id, osub2_id) VALUES ('Bennie Dourin', '4', '1', '2');
INSERT INTO students (student_name, class_id, osub1_id, osub2_id) VALUES ('Orbadiah McKeever', '5', '1', '2');
INSERT INTO students (student_name, class_id, osub1_id, osub2_id) VALUES ('Moira Grishakin', '6', '3', '4');
INSERT INTO students (student_name, class_id, osub1_id, osub2_id) VALUES ('Hugibert Ingarfield', '7', '3', '5');
INSERT INTO students (student_name, class_id, osub1_id, osub2_id) VALUES ('Shannon Peacop', '8', '5', '4');
INSERT INTO students (student_name, class_id, osub1_id, osub2_id) VALUES ('Anastasia Herrieven', '9', '6', '7');
INSERT INTO students (student_name, class_id, osub1_id, osub2_id) VALUES ('Antonin Muress', '10', '8', '7');
INSERT INTO students (student_name, class_id, osub1_id, osub2_id) VALUES ('Lewie Vasentsov', '11', '7', '8');
INSERT INTO students (student_name, class_id, osub1_id, osub2_id) VALUES ('Verene Galler', '12', '9', '8');
INSERT INTO students (student_name, class_id, osub1_id, osub2_id) VALUES ('Cristy Calloway', '13', '1', '9');
INSERT INTO students (student_name, class_id, osub1_id, osub2_id) VALUES ('Zach Melross', '14', '1', '2');
INSERT INTO students (student_name, class_id, osub1_id, osub2_id) VALUES ('Iseabal D Adamo', '15', '2', '3');
INSERT INTO students (student_name, class_id, osub1_id, osub2_id) VALUES ('Pietra Fellos', '16', '3', '4');
INSERT INTO students (student_name, class_id, osub1_id, osub2_id) VALUES ('Christos Ezele', '17', '3', '5');
INSERT INTO students (student_name, class_id, osub1_id, osub2_id) VALUES ('Barrie Preator', '18', '6', '4');
INSERT INTO students (student_name, class_id, osub1_id, osub2_id) VALUES ('Cynde Harris', '19', '5', '7');
INSERT INTO students (student_name, class_id, osub1_id, osub2_id) VALUES ('Ulla Northey', '20', '7', '8');
INSERT INTO students (student_name, class_id, osub1_id, osub2_id) VALUES ('Denny Brason', '21', '9', '8');
INSERT INTO students (student_name, class_id, osub1_id, osub2_id) VALUES ('Nero Maffey', '22', '9', '8');
INSERT INTO students (student_name, class_id, osub1_id, osub2_id) VALUES ('Devi Blastock', '23', '10', '9');
INSERT INTO students (student_name, class_id, osub1_id, osub2_id) VALUES ('Wald Kernar', '24', '1', '10');
INSERT INTO students (student_name, class_id, osub1_id, osub2_id) VALUES ('Cherice Issacov', '25', '2', '3');
INSERT INTO students (student_name, class_id, osub1_id, osub2_id) VALUES ('Beaufort Spruce', '26', '2', '3');
INSERT INTO students (student_name, class_id, osub1_id, osub2_id) VALUES ('Wain Diffley', '27', '5', '3');
INSERT INTO students (student_name, class_id, osub1_id, osub2_id) VALUES ('Marcy Wychard', '28', '4', '6');
INSERT INTO students (student_name, class_id, osub1_id, osub2_id) VALUES ('Min Conner', '29', '7', '6');
INSERT INTO students (student_name, class_id, osub1_id, osub2_id) VALUES ('Clive De Filippi', '30', '8', '6');
INSERT INTO students (student_name, class_id, osub1_id, osub2_id) VALUES ('Ermengarde Wrathmell', '31', '8', '9');
INSERT INTO students (student_name, class_id, osub1_id, osub2_id) VALUES ('Joela Bawme', '32', '10', '8');
INSERT INTO students (student_name, class_id, osub1_id, osub2_id) VALUES ('Padgett Vise', '33', '10', '1');
INSERT INTO students (student_name, class_id, osub1_id, osub2_id) VALUES ('Fairfax Gowman', '34', '2', '10');
INSERT INTO students (student_name, class_id, osub1_id, osub2_id) VALUES ('Ansel Arendt', '35', '1', '3');
INSERT INTO students (student_name, class_id, osub1_id, osub2_id) VALUES ('Milty Battams', '36', '2', '4');
INSERT INTO students (student_name, class_id, osub1_id, osub2_id) VALUES ('Connie Hedgeman', '37', '4', '3');
INSERT INTO students (student_name, class_id, osub1_id, osub2_id) VALUES ('Fulton Claybourne', '38', '4', '6');
INSERT INTO students (student_name, class_id, osub1_id, osub2_id) VALUES ('Pip Strawbridge', '39', '6', '7');
INSERT INTO students (student_name, class_id, osub1_id, osub2_id) VALUES ('Mackenzie Jaggers', '40', '7', '6');
INSERT INTO students (student_name, class_id, osub1_id, osub2_id) VALUES ('Wendel Medwell', '1', '7', '9');
INSERT INTO students (student_name, class_id, osub1_id, osub2_id) VALUES ('Jane Sibbald', '2', '8', '10');
INSERT INTO students (student_name, class_id, osub1_id, osub2_id) VALUES ('Garrott Baldetti', '3', '10', '9');
INSERT INTO students (student_name, class_id, osub1_id, osub2_id) VALUES ('Harald Kerwood', '4', '1', '10');
INSERT INTO students (student_name, class_id, osub1_id, osub2_id) VALUES ('Boothe Symcox', '5', '2', '3');
INSERT INTO students (student_name, class_id, osub1_id, osub2_id) VALUES ('Susette Nichols', '6', '2', '4');
INSERT INTO students (student_name, class_id, osub1_id, osub2_id) VALUES ('Connor Scedall', '7', '5', '3');
INSERT INTO students (student_name, class_id, osub1_id, osub2_id) VALUES ('Jehu Coakley', '8', '6', '4');
INSERT INTO students (student_name, class_id, osub1_id, osub2_id) VALUES ('Vassili Renvoise', '9', '7', '5');
INSERT INTO students (student_name, class_id, osub1_id, osub2_id) VALUES ('Tris Worsall', '10', '6', '7');
INSERT INTO students (student_name, class_id, osub1_id, osub2_id) VALUES ('Curtice Reeders', '11', '7', '9');
INSERT INTO students (student_name, class_id, osub1_id, osub2_id) VALUES ('Georgine Peet', '12', '10', '8');
INSERT INTO students (student_name, class_id, osub1_id, osub2_id) VALUES ('Truman Dasent', '13', '9', '1');
INSERT INTO students (student_name, class_id, osub1_id, osub2_id) VALUES ('Falkner Vial', '14', '1', '10');
INSERT INTO students (student_name, class_id, osub1_id, osub2_id) VALUES ('Norman Havvock', '15', '1', '2');
INSERT INTO students (student_name, class_id, osub1_id, osub2_id) VALUES ('Frannie Guinery', '16', '4', '2');
INSERT INTO students (student_name, class_id, osub1_id, osub2_id) VALUES ('Aldrich Dobkin', '17', '3', '5');
INSERT INTO students (student_name, class_id, osub1_id, osub2_id) VALUES ('Mayor Tardiff', '18', '5', '4');
INSERT INTO students (student_name, class_id, osub1_id, osub2_id) VALUES ('Tiffani Bleesing', '19', '7', '5');
INSERT INTO students (student_name, class_id, osub1_id, osub2_id) VALUES ('Raimund Danaher', '20', '7', '8');
INSERT INTO students (student_name, class_id, osub1_id, osub2_id) VALUES ('Vic Stuehmeier', '21', '9', '7');
INSERT INTO students (student_name, class_id, osub1_id, osub2_id) VALUES ('Dodie Medley', '22', '9', '10');
INSERT INTO students (student_name, class_id, osub1_id, osub2_id) VALUES ('Brok Cyples', '23', '9', '10');
INSERT INTO students (student_name, class_id, osub1_id, osub2_id) VALUES ('Cissy Stilwell', '24', '10', '2');
INSERT INTO students (student_name, class_id, osub1_id, osub2_id) VALUES ('Mariska Piatto', '25', '1', '2');
INSERT INTO students (student_name, class_id, osub1_id, osub2_id) VALUES ('Luelle Kinane', '26', '3', '4');
INSERT INTO students (student_name, class_id, osub1_id, osub2_id) VALUES ('Adriena Haith', '27', '4', '5');
INSERT INTO students (student_name, class_id, osub1_id, osub2_id) VALUES ('Shelbi Handrik', '28', '4', '5');
INSERT INTO students (student_name, class_id, osub1_id, osub2_id) VALUES ('Livvyy Mariot', '29', '6', '5');
INSERT INTO students (student_name, class_id, osub1_id, osub2_id) VALUES ('Chic Aizikovich', '30', '7', '8');
INSERT INTO students (student_name, class_id, osub1_id, osub2_id) VALUES ('Markus Bignall', '31', '9', '7');
INSERT INTO students (student_name, class_id, osub1_id, osub2_id) VALUES ('Alford Zemler', '32', '8', '9');
INSERT INTO students (student_name, class_id, osub1_id, osub2_id) VALUES ('Brandice Getcliffe', '33', '1', '9');
INSERT INTO students (student_name, class_id, osub1_id, osub2_id) VALUES ('Ruby Trahmel', '34', '1', '10');
INSERT INTO students (student_name, class_id, osub1_id, osub2_id) VALUES ('Abigael Duckett', '35', '2', '3');
INSERT INTO students (student_name, class_id, osub1_id, osub2_id) VALUES ('Belinda Northcliffe', '36', '2', '3');
INSERT INTO students (student_name, class_id, osub1_id, osub2_id) VALUES ('Claude Toderi', '37', '5', '4');
INSERT INTO students (student_name, class_id, osub1_id, osub2_id) VALUES ('Devon Puleston', '38', '4', '6');
INSERT INTO students (student_name, class_id, osub1_id, osub2_id) VALUES ('Gerta Weems', '39', '7', '5');
INSERT INTO students (student_name, class_id, osub1_id, osub2_id) VALUES ('Casi Juett', '40', '8', '7');
INSERT INTO students (student_name, class_id, osub1_id, osub2_id) VALUES ('Levy Chown', '1', '7', '8');
INSERT INTO students (student_name, class_id, osub1_id, osub2_id) VALUES ('Katya Rogans', '2', '10', '8');
INSERT INTO students (student_name, class_id, osub1_id, osub2_id) VALUES ('Shantee Adnet', '3', '10', '9');
INSERT INTO students (student_name, class_id, osub1_id, osub2_id) VALUES ('Rosy Trevna', '4', '1', '10');
INSERT INTO students (student_name, class_id, osub1_id, osub2_id) VALUES ('Brandise Pembridge', '5', '3', '2');
INSERT INTO students (student_name, class_id, osub1_id, osub2_id) VALUES ('Dona Mcettrick', '6', '2', '3');
INSERT INTO students (student_name, class_id, osub1_id, osub2_id) VALUES ('Catherine Hurl', '7', '3', '5');
INSERT INTO students (student_name, class_id, osub1_id, osub2_id) VALUES ('Erica Mallabon', '8', '4', '6');
INSERT INTO students (student_name, class_id, osub1_id, osub2_id) VALUES ('Julieta Bowring', '9', '5', '7');
INSERT INTO students (student_name, class_id, osub1_id, osub2_id) VALUES ('Heidi Spaule', '10', '8', '6');
INSERT INTO students (student_name, class_id, osub1_id, osub2_id) VALUES ('Diane Kimbrough', '11', '7', '9');
INSERT INTO students (student_name, class_id, osub1_id, osub2_id) VALUES ('Aubrette Rickarsey', '12', '9', '8');
INSERT INTO students (student_name, class_id, osub1_id, osub2_id) VALUES ('Ellis Kibble', '13', '1', '10');
INSERT INTO students (student_name, class_id, osub1_id, osub2_id) VALUES ('Neysa Buckles', '14', '1', '10');
INSERT INTO students (student_name, class_id, osub1_id, osub2_id) VALUES ('Carroll Terrazzo', '15', '2', '3');
INSERT INTO students (student_name, class_id, osub1_id, osub2_id) VALUES ('Sonnnie Emmanuele', '16', '2', '4');
INSERT INTO students (student_name, class_id, osub1_id, osub2_id) VALUES ('Jerry De Angelo', '17', '5', '4');
INSERT INTO students (student_name, class_id, osub1_id, osub2_id) VALUES ('Sherman Mattin', '18', '6', '5');
INSERT INTO students (student_name, class_id, osub1_id, osub2_id) VALUES ('Lorenza Lampaert', '19', '7', '6');
INSERT INTO students (student_name, class_id, osub1_id, osub2_id) VALUES ('Laryssa O Heffernan', '20', '6', '7');
INSERT INTO students (student_name, class_id, osub1_id, osub2_id) VALUES ('Carissa Almon', '21', '7', '8');
INSERT INTO students (student_name, class_id, osub1_id, osub2_id) VALUES ('Meris Brands', '22', '10', '8');
INSERT INTO students (student_name, class_id, osub1_id, osub2_id) VALUES ('Davin Lehrer', '23', '1', '10');
INSERT INTO students (student_name, class_id, osub1_id, osub2_id) VALUES ('Francis Skillanders', '24', '2', '1');
INSERT INTO students (student_name, class_id, osub1_id, osub2_id) VALUES ('Janek Pinniger', '25', '2', '3');
INSERT INTO students (student_name, class_id, osub1_id, osub2_id) VALUES ('Jasmin Litherland', '26', '3', '4');
INSERT INTO students (student_name, class_id, osub1_id, osub2_id) VALUES ('Becky Chudleigh', '27', '4', '5');
INSERT INTO students (student_name, class_id, osub1_id, osub2_id) VALUES ('Aharon Behnke', '28', '5', '4');
INSERT INTO students (student_name, class_id, osub1_id, osub2_id) VALUES ('Hillie Bolus', '29', '6', '7');
INSERT INTO students (student_name, class_id, osub1_id, osub2_id) VALUES ('Shaylynn Wingham', '30', '8', '6');
INSERT INTO students (student_name, class_id, osub1_id, osub2_id) VALUES ('Lyle MacGarvey', '31', '8', '9');
INSERT INTO students (student_name, class_id, osub1_id, osub2_id) VALUES ('Anjela Rundle', '32', '9', '10');
INSERT INTO students (student_name, class_id, osub1_id, osub2_id) VALUES ('Josh Ramsey', '33', '9', '1');
INSERT INTO students (student_name, class_id, osub1_id, osub2_id) VALUES ('Layney Lipsett', '34', '2', '1');
INSERT INTO students (student_name, class_id, osub1_id, osub2_id) VALUES ('Rickie Jerzak', '35', '2', '3');
INSERT INTO students (student_name, class_id, osub1_id, osub2_id) VALUES ('Bryn Havelin', '36', '4', '2');
INSERT INTO students (student_name, class_id, osub1_id, osub2_id) VALUES ('Avigdor MacAdam', '37', '5', '3');
INSERT INTO students (student_name, class_id, osub1_id, osub2_id) VALUES ('Kylen McCroft', '38', '6', '4');
INSERT INTO students (student_name, class_id, osub1_id, osub2_id) VALUES ('Nessie Beauvais', '39', '5', '7');
INSERT INTO students (student_name, class_id, osub1_id, osub2_id) VALUES ('Missie Cartwright', '40', '7', '6');
INSERT INTO students (student_name, class_id, osub1_id, osub2_id) VALUES ('Ramsay Malyon', '1', '8', '9');
INSERT INTO students (student_name, class_id, osub1_id, osub2_id) VALUES ('Lizette Lintill', '2', '8', '10');
INSERT INTO students (student_name, class_id, osub1_id, osub2_id) VALUES ('Beatriz Lerego', '3', '1', '9');
INSERT INTO students (student_name, class_id, osub1_id, osub2_id) VALUES ('Claudette Manston', '4', '10', '2');
INSERT INTO students (student_name, class_id, osub1_id, osub2_id) VALUES ('Daryle Beloe', '5', '3', '1');
INSERT INTO students (student_name, class_id, osub1_id, osub2_id) VALUES ('Jillana Frowing', '6', '4', '3');
INSERT INTO students (student_name, class_id, osub1_id, osub2_id) VALUES ('Deerdre Idel', '7', '5', '3');
INSERT INTO students (student_name, class_id, osub1_id, osub2_id) VALUES ('Kristofer Swinyard', '8', '6', '5');
INSERT INTO students (student_name, class_id, osub1_id, osub2_id) VALUES ('Obadiah Tunn', '9', '7', '5');
INSERT INTO students (student_name, class_id, osub1_id, osub2_id) VALUES ('Antoinette Harber', '10', '6', '8');
INSERT INTO students (student_name, class_id, osub1_id, osub2_id) VALUES ('Janenna Linstead', '11', '9', '8');
INSERT INTO students (student_name, class_id, osub1_id, osub2_id) VALUES ('Bogey Vasyukhichev', '12', '10', '9');
INSERT INTO students (student_name, class_id, osub1_id, osub2_id) VALUES ('Kariotta Suart', '13', '10', '1');
INSERT INTO students (student_name, class_id, osub1_id, osub2_id) VALUES ('Dilan Kiddy', '14', '10', '2');
INSERT INTO students (student_name, class_id, osub1_id, osub2_id) VALUES ('Whitman Medforth', '15', '3', '1');
INSERT INTO students (student_name, class_id, osub1_id, osub2_id) VALUES ('Ruperta Wasmuth', '16', '4', '3');
INSERT INTO students (student_name, class_id, osub1_id, osub2_id) VALUES ('Eli Atthow', '17', '3', '5');
INSERT INTO students (student_name, class_id, osub1_id, osub2_id) VALUES ('Tanya MacRirie', '18', '4', '5');
INSERT INTO students (student_name, class_id, osub1_id, osub2_id) VALUES ('Sonny Ruddiforth', '19', '7', '6');
INSERT INTO students (student_name, class_id, osub1_id, osub2_id) VALUES ('Vanya Kohlert', '20', '6', '7');
INSERT INTO students (student_name, class_id, osub1_id, osub2_id) VALUES ('Cookie Reape', '21', '7', '8');
INSERT INTO students (student_name, class_id, osub1_id, osub2_id) VALUES ('Nealon Glantz', '22', '10', '9');
INSERT INTO students (student_name, class_id, osub1_id, osub2_id) VALUES ('Maitilde Fullard', '23', '1', '10');
INSERT INTO students (student_name, class_id, osub1_id, osub2_id) VALUES ('Karoly Grewe', '24', '2', '10');
INSERT INTO students (student_name, class_id, osub1_id, osub2_id) VALUES ('Clair Wrought', '25', '2', '3');
INSERT INTO students (student_name, class_id, osub1_id, osub2_id) VALUES ('Nappie Geertje', '26', '2', '4');
INSERT INTO students (student_name, class_id, osub1_id, osub2_id) VALUES ('Katee Leimster', '27', '4', '3');
INSERT INTO students (student_name, class_id, osub1_id, osub2_id) VALUES ('Buffy Antonutti', '28', '5', '4');
INSERT INTO students (student_name, class_id, osub1_id, osub2_id) VALUES ('Johan Cathenod', '29', '5', '6');
INSERT INTO students (student_name, class_id, osub1_id, osub2_id) VALUES ('Constantine Morsley', '30', '8', '7');
INSERT INTO students (student_name, class_id, osub1_id, osub2_id) VALUES ('Jonathan Goodger', '31', '7', '9');
INSERT INTO students (student_name, class_id, osub1_id, osub2_id) VALUES ('Caye Guiett', '32', '10', '9');
INSERT INTO students (student_name, class_id, osub1_id, osub2_id) VALUES ('Kirbee Christauffour', '33', '9', '1');
INSERT INTO students (student_name, class_id, osub1_id, osub2_id) VALUES ('Hadrian Balnave', '34', '10', '1');
INSERT INTO students (student_name, class_id, osub1_id, osub2_id) VALUES ('Nikolaus Gissing', '35', '1', '3');
INSERT INTO students (student_name, class_id, osub1_id, osub2_id) VALUES ('Carolyn Threadgill', '36', '3', '4');
INSERT INTO students (student_name, class_id, osub1_id, osub2_id) VALUES ('Addison Stovine', '37', '3', '5');
INSERT INTO students (student_name, class_id, osub1_id, osub2_id) VALUES ('Ronny Davy', '38', '5', '4');
INSERT INTO students (student_name, class_id, osub1_id, osub2_id) VALUES ('Sutherland Joysey', '39', '7', '5');
INSERT INTO students (student_name, class_id, osub1_id, osub2_id) VALUES ('Cicily Patria', '40', '6', '7');
INSERT INTO students (student_name, class_id, osub1_id, osub2_id) VALUES ('Barbee O Hogertie', '1', '9', '7');
INSERT INTO students (student_name, class_id, osub1_id, osub2_id) VALUES ('Olag Lemerle', '2', '10', '9');
INSERT INTO students (student_name, class_id, osub1_id, osub2_id) VALUES ('Livy Durant', '3', '10', '1');
INSERT INTO students (student_name, class_id, osub1_id, osub2_id) VALUES ('Osmond McFfaden', '4', '1', '2');
INSERT INTO students (student_name, class_id, osub1_id, osub2_id) VALUES ('Nadine Chainey', '5', '2', '3');
INSERT INTO students (student_name, class_id, osub1_id, osub2_id) VALUES ('Alexandro Flight', '6', '4', '3');
INSERT INTO students (student_name, class_id, osub1_id, osub2_id) VALUES ('Charlie Sellman', '7', '3', '4');
INSERT INTO students (student_name, class_id, osub1_id, osub2_id) VALUES ('Rafaellle Carpmile', '8', '4', '5');
INSERT INTO students (student_name, class_id, osub1_id, osub2_id) VALUES ('Veronika Simko', '9', '7', '5');
INSERT INTO students (student_name, class_id, osub1_id, osub2_id) VALUES ('Kelley Angood', '10', '6', '8');
INSERT INTO students (student_name, class_id, osub1_id, osub2_id) VALUES ('Dionysus Daborne', '11', '7', '8');
INSERT INTO students (student_name, class_id, osub1_id, osub2_id) VALUES ('Herby Lillee', '12', '8', '9');
INSERT INTO students (student_name, class_id, osub1_id, osub2_id) VALUES ('Christin Gandey', '13', '9', '10');
INSERT INTO students (student_name, class_id, osub1_id, osub2_id) VALUES ('Christal Velareal', '14', '10', '2');
INSERT INTO students (student_name, class_id, osub1_id, osub2_id) VALUES ('Emmerich Buffham', '15', '1', '3');
INSERT INTO students (student_name, class_id, osub1_id, osub2_id) VALUES ('Herold Woodlands', '16', '3', '2');
INSERT INTO students (student_name, class_id, osub1_id, osub2_id) VALUES ('Seth Hillett', '17', '4', '3');
INSERT INTO students (student_name, class_id, osub1_id, osub2_id) VALUES ('Lauralee Manford', '18', '4', '5');
INSERT INTO students (student_name, class_id, osub1_id, osub2_id) VALUES ('Darice Giacobillo', '19', '5', '6');
INSERT INTO students (student_name, class_id, osub1_id, osub2_id) VALUES ('Truman Drakes', '20', '8', '6');
INSERT INTO students (student_name, class_id, osub1_id, osub2_id) VALUES ('Elvyn Kopps', '21', '8', '7');
INSERT INTO students (student_name, class_id, osub1_id, osub2_id) VALUES ('Harriett Henken', '22', '10', '9');
INSERT INTO students (student_name, class_id, osub1_id, osub2_id) VALUES ('Fidel Maykin', '23', '1', '10');
INSERT INTO students (student_name, class_id, osub1_id, osub2_id) VALUES ('Morgan Naldrett', '24', '1', '10');
INSERT INTO students (student_name, class_id, osub1_id, osub2_id) VALUES ('Billie Kington', '25', '2', '1');
INSERT INTO students (student_name, class_id, osub1_id, osub2_id) VALUES ('Janaye Oldred', '26', '2', '4');
INSERT INTO students (student_name, class_id, osub1_id, osub2_id) VALUES ('Celinda Rosewall', '27', '5', '3');
INSERT INTO students (student_name, class_id, osub1_id, osub2_id) VALUES ('Karna Knightsbridge', '28', '6', '5');
INSERT INTO students (student_name, class_id, osub1_id, osub2_id) VALUES ('Kirsteni Faustin', '29', '5', '7');
INSERT INTO students (student_name, class_id, osub1_id, osub2_id) VALUES ('Brand O Flynn', '30', '7', '6');
INSERT INTO students (student_name, class_id, osub1_id, osub2_id) VALUES ('Micki Eykelhof', '31', '7', '8');
INSERT INTO students (student_name, class_id, osub1_id, osub2_id) VALUES ('Vernon Walklot', '32', '8', '10');
INSERT INTO students (student_name, class_id, osub1_id, osub2_id) VALUES ('Tyrus Lanahan', '33', '1', '9');
INSERT INTO students (student_name, class_id, osub1_id, osub2_id) VALUES ('Arney Hagston', '34', '1', '2');
INSERT INTO students (student_name, class_id, osub1_id, osub2_id) VALUES ('Lynnet Neesam', '35', '3', '1');
INSERT INTO students (student_name, class_id, osub1_id, osub2_id) VALUES ('Harli Elstow', '36', '4', '3');
INSERT INTO students (student_name, class_id, osub1_id, osub2_id) VALUES ('Vyky Grelak', '37', '5', '4');
INSERT INTO students (student_name, class_id, osub1_id, osub2_id) VALUES ('Mavra Hairon', '38', '4', '5');
INSERT INTO students (student_name, class_id, osub1_id, osub2_id) VALUES ('Claudio Schirak', '39', '6', '7');
INSERT INTO students (student_name, class_id, osub1_id, osub2_id) VALUES ('Brianne Gomme', '40', '8', '6');
INSERT INTO students (student_name, class_id, osub1_id, osub2_id) VALUES ('Chickie Jinks', '1', '7', '8');
INSERT INTO students (student_name, class_id, osub1_id, osub2_id) VALUES ('Angus Angood', '2', '10', '9');
INSERT INTO students (student_name, class_id, osub1_id, osub2_id) VALUES ('Zacharias Cabrera', '3', '9', '10');
INSERT INTO students (student_name, class_id, osub1_id, osub2_id) VALUES ('Christophorus Master', '4', '1', '10');
INSERT INTO students (student_name, class_id, osub1_id, osub2_id) VALUES ('Valeda Cowles', '5', '3', '2');
INSERT INTO students (student_name, class_id, osub1_id, osub2_id) VALUES ('Indira Powder', '6', '3', '2');
INSERT INTO students (student_name, class_id, osub1_id, osub2_id) VALUES ('Jacquelyn Drew-Clifton', '7', '5', '3');
INSERT INTO students (student_name, class_id, osub1_id, osub2_id) VALUES ('Skyler Verdey', '8', '5', '4');
INSERT INTO students (student_name, class_id, osub1_id, osub2_id) VALUES ('Westbrooke Ewestace', '9', '7', '5');
INSERT INTO students (student_name, class_id, osub1_id, osub2_id) VALUES ('Tobie Cardis', '10', '7', '6');
INSERT INTO students (student_name, class_id, osub1_id, osub2_id) VALUES ('Estella Dimelow', '11', '7', '9');
INSERT INTO students (student_name, class_id, osub1_id, osub2_id) VALUES ('Kasey Waplington', '12', '10', '9');
INSERT INTO students (student_name, class_id, osub1_id, osub2_id) VALUES ('Fielding Glanister', '13', '9', '1');
INSERT INTO students (student_name, class_id, osub1_id, osub2_id) VALUES ('Wallache Boulde', '14', '2', '10');
INSERT INTO students (student_name, class_id, osub1_id, osub2_id) VALUES ('Rorie Redpath', '15', '3', '2');
INSERT INTO students (student_name, class_id, osub1_id, osub2_id) VALUES ('Noland Kennett', '16', '3', '2');
INSERT INTO students (student_name, class_id, osub1_id, osub2_id) VALUES ('Noelani Orys', '17', '5', '3');
INSERT INTO students (student_name, class_id, osub1_id, osub2_id) VALUES ('Wade McGeachy', '18', '6', '5');
INSERT INTO students (student_name, class_id, osub1_id, osub2_id) VALUES ('Tamarra Castillon', '19', '7', '6');
INSERT INTO students (student_name, class_id, osub1_id, osub2_id) VALUES ('Joeann Hyndson', '20', '6', '7');
INSERT INTO students (student_name, class_id, osub1_id, osub2_id) VALUES ('Marnie Scrinage', '21', '9', '7');
INSERT INTO students (student_name, class_id, osub1_id, osub2_id) VALUES ('Arnoldo Cockren', '22', '8', '9');
INSERT INTO students (student_name, class_id, osub1_id, osub2_id) VALUES ('Melloney Kern', '23', '9', '10');
INSERT INTO students (student_name, class_id, osub1_id, osub2_id) VALUES ('Vi Durbann', '24', '2', '10');
INSERT INTO students (student_name, class_id, osub1_id, osub2_id) VALUES ('Christoffer Rattenbury', '25', '3', '1');
INSERT INTO students (student_name, class_id, osub1_id, osub2_id) VALUES ('Saidee Flux', '26', '2', '3');
INSERT INTO students (student_name, class_id, osub1_id, osub2_id) VALUES ('Jean Brixey', '27', '4', '5');
INSERT INTO students (student_name, class_id, osub1_id, osub2_id) VALUES ('Lars Langrish', '28', '6', '4');
INSERT INTO students (student_name, class_id, osub1_id, osub2_id) VALUES ('Stuart Guyonneau', '29', '5', '7');
INSERT INTO students (student_name, class_id, osub1_id, osub2_id) VALUES ('Cord Toler', '30', '8', '7');
INSERT INTO students (student_name, class_id, osub1_id, osub2_id) VALUES ('Hulda Brushfield', '31', '7', '9');
INSERT INTO students (student_name, class_id, osub1_id, osub2_id) VALUES ('Gypsy Ealden', '32', '10', '8');
INSERT INTO students (student_name, class_id, osub1_id, osub2_id) VALUES ('Hesther Belfield', '33', '9', '10');
INSERT INTO students (student_name, class_id, osub1_id, osub2_id) VALUES ('Feodor Verrier', '34', '2', '10');
INSERT INTO students (student_name, class_id, osub1_id, osub2_id) VALUES ('Rodger Wapple', '35', '2', '3');
INSERT INTO students (student_name, class_id, osub1_id, osub2_id) VALUES ('Constantin Worstall', '36', '2', '4');
INSERT INTO students (student_name, class_id, osub1_id, osub2_id) VALUES ('Nathanial Hellyer', '37', '5', '3');
INSERT INTO students (student_name, class_id, osub1_id, osub2_id) VALUES ('Johannes Dollard', '38', '5', '4');
INSERT INTO students (student_name, class_id, osub1_id, osub2_id) VALUES ('Carolus Wetherill', '39', '7', '5');
INSERT INTO students (student_name, class_id, osub1_id, osub2_id) VALUES ('Robyn Rayson', '40', '6', '7');
INSERT INTO students (student_name, class_id, osub1_id, osub2_id) VALUES ('Lacie McCreath', '1', '8', '9');
INSERT INTO students (student_name, class_id, osub1_id, osub2_id) VALUES ('Noelani Bonney', '2', '8', '9');
INSERT INTO students (student_name, class_id, osub1_id, osub2_id) VALUES ('Ame Burleigh', '3', '1', '9');
INSERT INTO students (student_name, class_id, osub1_id, osub2_id) VALUES ('Inna Sporton', '4', '2', '10');
INSERT INTO students (student_name, class_id, osub1_id, osub2_id) VALUES ('Zelig Enticott', '5', '1', '3');
INSERT INTO students (student_name, class_id, osub1_id, osub2_id) VALUES ('Corrie Gresley', '6', '3', '2');
INSERT INTO students (student_name, class_id, osub1_id, osub2_id) VALUES ('Gabbie Pudsey', '7', '3', '5');
INSERT INTO students (student_name, class_id, osub1_id, osub2_id) VALUES ('Tom McKimmie', '8', '4', '5');
INSERT INTO students (student_name, class_id, osub1_id, osub2_id) VALUES ('Merill Reddie', '9', '6', '7');
INSERT INTO students (student_name, class_id, osub1_id, osub2_id) VALUES ('Kirsti Stanex', '10', '7', '8');
INSERT INTO students (student_name, class_id, osub1_id, osub2_id) VALUES ('Donn Rubinsohn', '11', '9', '8');
INSERT INTO students (student_name, class_id, osub1_id, osub2_id) VALUES ('Dannie Treat', '12', '8', '10');
INSERT INTO students (student_name, class_id, osub1_id, osub2_id) VALUES ('Kenny Galia', '13', '1', '9');
INSERT INTO students (student_name, class_id, osub1_id, osub2_id) VALUES ('Nils Heakins', '14', '1', '2');
INSERT INTO students (student_name, class_id, osub1_id, osub2_id) VALUES ('Gweneth Pobjoy', '15', '1', '3');
INSERT INTO students (student_name, class_id, osub1_id, osub2_id) VALUES ('Audie Dockrell', '16', '3', '2');
INSERT INTO students (student_name, class_id, osub1_id, osub2_id) VALUES ('Ailyn Szachniewicz', '17', '5', '3');
INSERT INTO students (student_name, class_id, osub1_id, osub2_id) VALUES ('Fowler Peschet', '18', '5', '6');
INSERT INTO students (student_name, class_id, osub1_id, osub2_id) VALUES ('Malissia Beake', '19', '5', '7');
INSERT INTO students (student_name, class_id, osub1_id, osub2_id) VALUES ('Meredith Vasser', '20', '6', '7');
INSERT INTO students (student_name, class_id, osub1_id, osub2_id) VALUES ('Spence Arnopp', '21', '7', '8');
INSERT INTO students (student_name, class_id, osub1_id, osub2_id) VALUES ('Durand Szapiro', '22', '8', '10');
INSERT INTO students (student_name, class_id, osub1_id, osub2_id) VALUES ('Evania Van der Baaren', '23', '1', '9');
INSERT INTO students (student_name, class_id, osub1_id, osub2_id) VALUES ('Beck Picardo', '24', '1', '10');
INSERT INTO students (student_name, class_id, osub1_id, osub2_id) VALUES ('Noni Sudworth', '25', '1', '3');
INSERT INTO students (student_name, class_id, osub1_id, osub2_id) VALUES ('Christel Jump', '26', '2', '3');
INSERT INTO students (student_name, class_id, osub1_id, osub2_id) VALUES ('Cory Umbert', '27', '5', '3');
INSERT INTO students (student_name, class_id, osub1_id, osub2_id) VALUES ('Katerina Sketh', '28', '5', '6');
INSERT INTO students (student_name, class_id, osub1_id, osub2_id) VALUES ('Kasey Gaymer', '29', '6', '7');
INSERT INTO students (student_name, class_id, osub1_id, osub2_id) VALUES ('Deny Rappa', '30', '7', '8');
INSERT INTO students (student_name, class_id, osub1_id, osub2_id) VALUES ('Editha Longhorn', '31', '8', '9');
INSERT INTO students (student_name, class_id, osub1_id, osub2_id) VALUES ('Inna Scowen', '32', '8', '10');
INSERT INTO students (student_name, class_id, osub1_id, osub2_id) VALUES ('Cherilyn Wyllcocks', '33', '9', '10');
INSERT INTO students (student_name, class_id, osub1_id, osub2_id) VALUES ('Maxie Kayne', '34', '2', '1');
INSERT INTO students (student_name, class_id, osub1_id, osub2_id) VALUES ('Merle Cowx', '35', '3', '1');
INSERT INTO students (student_name, class_id, osub1_id, osub2_id) VALUES ('Odo Candelin', '36', '2', '4');
INSERT INTO students (student_name, class_id, osub1_id, osub2_id) VALUES ('Kelly Tadman', '37', '3', '5');
INSERT INTO students (student_name, class_id, osub1_id, osub2_id) VALUES ('Antony McGahern', '38', '5', '4');
INSERT INTO students (student_name, class_id, osub1_id, osub2_id) VALUES ('Brunhilda Beverstock', '39', '6', '7');
INSERT INTO students (student_name, class_id, osub1_id, osub2_id) VALUES ('Rutter Chaudron', '40', '6', '7');
INSERT INTO students (student_name, class_id, osub1_id, osub2_id) VALUES ('Chastity Mundow', '1', '7', '8');
INSERT INTO students (student_name, class_id, osub1_id, osub2_id) VALUES ('Corilla Lamyman', '2', '8', '10');
INSERT INTO students (student_name, class_id, osub1_id, osub2_id) VALUES ('Duff Crocombe', '3', '9', '1');
INSERT INTO students (student_name, class_id, osub1_id, osub2_id) VALUES ('Timofei Baugh', '4', '10', '2');
INSERT INTO students (student_name, class_id, osub1_id, osub2_id) VALUES ('Lulu Deport', '5', '3', '1');
INSERT INTO students (student_name, class_id, osub1_id, osub2_id) VALUES ('Terrye Lauga', '6', '4', '3');
INSERT INTO students (student_name, class_id, osub1_id, osub2_id) VALUES ('Bernard Hurl', '7', '3', '4');
INSERT INTO students (student_name, class_id, osub1_id, osub2_id) VALUES ('Crosby Maudlin', '8', '6', '5');
INSERT INTO students (student_name, class_id, osub1_id, osub2_id) VALUES ('Ford Jahnke', '9', '5', '7');
INSERT INTO students (student_name, class_id, osub1_id, osub2_id) VALUES ('Sam Joynes', '10', '8', '7');
INSERT INTO students (student_name, class_id, osub1_id, osub2_id) VALUES ('Roscoe Burnes', '11', '8', '7');
INSERT INTO students (student_name, class_id, osub1_id, osub2_id) VALUES ('Roxi Tingcomb', '12', '10', '8');
INSERT INTO students (student_name, class_id, osub1_id, osub2_id) VALUES ('Jeddy Morrallee', '13', '1', '9');
INSERT INTO students (student_name, class_id, osub1_id, osub2_id) VALUES ('Norine Clay', '14', '10', '2');
INSERT INTO students (student_name, class_id, osub1_id, osub2_id) VALUES ('Raul Naseby', '15', '2', '1');
INSERT INTO students (student_name, class_id, osub1_id, osub2_id) VALUES ('Shurlock Wedlake', '16', '2', '3');
INSERT INTO students (student_name, class_id, osub1_id, osub2_id) VALUES ('Curt Adlem', '17', '3', '4');
INSERT INTO students (student_name, class_id, osub1_id, osub2_id) VALUES ('Arlan Asplin', '18', '6', '5');
INSERT INTO students (student_name, class_id, osub1_id, osub2_id) VALUES ('Reyna McReynold', '19', '7', '6');
INSERT INTO students (student_name, class_id, osub1_id, osub2_id) VALUES ('Silvester Maryet', '20', '7', '6');
INSERT INTO students (student_name, class_id, osub1_id, osub2_id) VALUES ('Orelee Knotton', '21', '7', '8');
INSERT INTO students (student_name, class_id, osub1_id, osub2_id) VALUES ('Josefina Kinnock', '22', '9', '10');
INSERT INTO students (student_name, class_id, osub1_id, osub2_id) VALUES ('Daron Whistan', '23', '1', '10');
INSERT INTO students (student_name, class_id, osub1_id, osub2_id) VALUES ('Lennard Deeman', '24', '2', '1');
INSERT INTO students (student_name, class_id, osub1_id, osub2_id) VALUES ('Thomas Scarse', '25', '1', '3');
INSERT INTO students (student_name, class_id, osub1_id, osub2_id) VALUES ('Humfried Itter', '26', '4', '3');
INSERT INTO students (student_name, class_id, osub1_id, osub2_id) VALUES ('Henri McLane', '27', '5', '3');
INSERT INTO students (student_name, class_id, osub1_id, osub2_id) VALUES ('Olivier Scholfield', '28', '4', '6');
INSERT INTO students (student_name, class_id, osub1_id, osub2_id) VALUES ('Cosme Botham', '29', '7', '6');
INSERT INTO students (student_name, class_id, osub1_id, osub2_id) VALUES ('Nicolea Woollin', '30', '7', '6');
INSERT INTO students (student_name, class_id, osub1_id, osub2_id) VALUES ('Fitzgerald Uttermare', '31', '9', '8');
INSERT INTO students (student_name, class_id, osub1_id, osub2_id) VALUES ('Rowe Pavlovsky', '32', '8', '9');
INSERT INTO students (student_name, class_id, osub1_id, osub2_id) VALUES ('Tedie Abethell', '33', '10', '1');
INSERT INTO students (student_name, class_id, osub1_id, osub2_id) VALUES ('Odelia Toquet', '34', '10', '1');
INSERT INTO students (student_name, class_id, osub1_id, osub2_id) VALUES ('Stella Deeman', '35', '2', '1');
INSERT INTO students (student_name, class_id, osub1_id, osub2_id) VALUES ('Emili Hew', '36', '3', '2');
INSERT INTO students (student_name, class_id, osub1_id, osub2_id) VALUES ('Korie Nund', '37', '4', '3');
INSERT INTO students (student_name, class_id, osub1_id, osub2_id) VALUES ('Consuela Taffs', '38', '5', '6');
INSERT INTO students (student_name, class_id, osub1_id, osub2_id) VALUES ('Ailene Hutchason', '39', '6', '7');
INSERT INTO students (student_name, class_id, osub1_id, osub2_id) VALUES ('Neall Diamond', '40', '7', '6');
INSERT INTO students (student_name, class_id, osub1_id, osub2_id) VALUES ('Deonne Heaney`', '1', '9', '8');
INSERT INTO students (student_name, class_id, osub1_id, osub2_id) VALUES ('Phillip Jackways', '2', '10', '9');
INSERT INTO students (student_name, class_id, osub1_id, osub2_id) VALUES ('Felicle Monkeman', '3', '10', '9');
INSERT INTO students (student_name, class_id, osub1_id, osub2_id) VALUES ('Symon Polino', '4', '2', '10');
INSERT INTO students (student_name, class_id, osub1_id, osub2_id) VALUES ('Kennie Occleshaw', '5', '2', '3');
INSERT INTO students (student_name, class_id, osub1_id, osub2_id) VALUES ('Terrence Hallet', '6', '3', '2');
INSERT INTO students (student_name, class_id, osub1_id, osub2_id) VALUES ('Pauly Swafford', '7', '3', '5');
INSERT INTO students (student_name, class_id, osub1_id, osub2_id) VALUES ('Myrle Vyvyan', '8', '6', '5');
INSERT INTO students (student_name, class_id, osub1_id, osub2_id) VALUES ('Elke Burges', '9', '5', '6');
INSERT INTO students (student_name, class_id, osub1_id, osub2_id) VALUES ('Prisca Abrahams', '10', '8', '7');
INSERT INTO students (student_name, class_id, osub1_id, osub2_id) VALUES ('Annamaria Kasperski', '11', '7', '8');
INSERT INTO students (student_name, class_id, osub1_id, osub2_id) VALUES ('Ashil Duignan', '12', '9', '10');
INSERT INTO students (student_name, class_id, osub1_id, osub2_id) VALUES ('Alina Dumblton', '13', '1', '10');
INSERT INTO students (student_name, class_id, osub1_id, osub2_id) VALUES ('Linn Zuanelli', '14', '2', '10');
INSERT INTO students (student_name, class_id, osub1_id, osub2_id) VALUES ('Augy Kinkaid', '15', '1', '2');
INSERT INTO students (student_name, class_id, osub1_id, osub2_id) VALUES ('Howie Thorington', '16', '3', '4');
INSERT INTO students (student_name, class_id, osub1_id, osub2_id) VALUES ('Kitty Martelet', '17', '3', '5');
INSERT INTO students (student_name, class_id, osub1_id, osub2_id) VALUES ('Waite Runnalls', '18', '6', '5');
INSERT INTO students (student_name, class_id, osub1_id, osub2_id) VALUES ('Cybil Atkirk', '19', '7', '5');
INSERT INTO students (student_name, class_id, osub1_id, osub2_id) VALUES ('Dionysus Broggelli', '20', '6', '7');
INSERT INTO students (student_name, class_id, osub1_id, osub2_id) VALUES ('Hewe Hillburn', '21', '8', '9');
INSERT INTO students (student_name, class_id, osub1_id, osub2_id) VALUES ('Ichabod Gallone', '22', '8', '9');
INSERT INTO students (student_name, class_id, osub1_id, osub2_id) VALUES ('Mable Wilder', '23', '9', '10');
INSERT INTO students (student_name, class_id, osub1_id, osub2_id) VALUES ('Sarina Braksper', '24', '2', '10');
INSERT INTO students (student_name, class_id, osub1_id, osub2_id) VALUES ('Zelma Bierling', '25', '3', '2');
INSERT INTO students (student_name, class_id, osub1_id, osub2_id) VALUES ('Dillie Siemons', '26', '4', '2');
INSERT INTO students (student_name, class_id, osub1_id, osub2_id) VALUES ('Fredra Zannotelli', '27', '3', '5');
INSERT INTO students (student_name, class_id, osub1_id, osub2_id) VALUES ('Marijn Meran', '28', '5', '6');
INSERT INTO students (student_name, class_id, osub1_id, osub2_id) VALUES ('Anita Tebboth', '29', '5', '7');
INSERT INTO students (student_name, class_id, osub1_id, osub2_id) VALUES ('Eileen Berni', '30', '7', '6');
INSERT INTO students (student_name, class_id, osub1_id, osub2_id) VALUES ('Genvieve Danelut', '31', '7', '8');
INSERT INTO students (student_name, class_id, osub1_id, osub2_id) VALUES ('Ferdinand Rome', '32', '10', '9');
INSERT INTO students (student_name, class_id, osub1_id, osub2_id) VALUES ('Fowler Toland', '33', '9', '10');
INSERT INTO students (student_name, class_id, osub1_id, osub2_id) VALUES ('Tibold Starbuck', '34', '2', '1');
INSERT INTO students (student_name, class_id, osub1_id, osub2_id) VALUES ('Ella Alliot', '35', '3', '2');
INSERT INTO students (student_name, class_id, osub1_id, osub2_id) VALUES ('Welch Ephson', '36', '3', '4');
INSERT INTO students (student_name, class_id, osub1_id, osub2_id) VALUES ('Bobina Monan', '37', '3', '4');
INSERT INTO students (student_name, class_id, osub1_id, osub2_id) VALUES ('Cathee Kaliszewski', '38', '5', '6');
INSERT INTO students (student_name, class_id, osub1_id, osub2_id) VALUES ('Candi McSporon', '39', '7', '6');
INSERT INTO students (student_name, class_id, osub1_id, osub2_id) VALUES ('Philbert Wreak', '40', '6', '8');
INSERT INTO students (student_name, class_id, osub1_id, osub2_id) VALUES ('Wallie Gutsell', '1', '7', '9');
INSERT INTO students (student_name, class_id, osub1_id, osub2_id) VALUES ('Killian McPhail', '2', '8', '10');
INSERT INTO students (student_name, class_id, osub1_id, osub2_id) VALUES ('Dane Hardinge', '3', '1', '9');
INSERT INTO students (student_name, class_id, osub1_id, osub2_id) VALUES ('Etan Starmer', '4', '2', '10');
INSERT INTO students (student_name, class_id, osub1_id, osub2_id) VALUES ('Scarface Vasiliu', '5', '3', '2');
INSERT INTO students (student_name, class_id, osub1_id, osub2_id) VALUES ('Tildie Cellier', '6', '4', '3');
INSERT INTO students (student_name, class_id, osub1_id, osub2_id) VALUES ('Rica Oxtiby', '7', '5', '3');
INSERT INTO students (student_name, class_id, osub1_id, osub2_id) VALUES ('Phedra Stops', '8', '5', '6');
INSERT INTO students (student_name, class_id, osub1_id, osub2_id) VALUES ('Kata MacGown', '9', '6', '7');
INSERT INTO students (student_name, class_id, osub1_id, osub2_id) VALUES ('Daniele Benasik', '10', '6', '8');
INSERT INTO students (student_name, class_id, osub1_id, osub2_id) VALUES ('Archibold Cumesky', '11', '8', '7');
INSERT INTO students (student_name, class_id, osub1_id, osub2_id) VALUES ('Parke Pallent', '12', '9', '8');
INSERT INTO students (student_name, class_id, osub1_id, osub2_id) VALUES ('Catarina Debrick', '13', '10', '9');
INSERT INTO students (student_name, class_id, osub1_id, osub2_id) VALUES ('Pandora Mapstone', '14', '2', '10');
INSERT INTO students (student_name, class_id, osub1_id, osub2_id) VALUES ('Pearline Antonio', '15', '1', '3');
INSERT INTO students (student_name, class_id, osub1_id, osub2_id) VALUES ('Adriana Audas', '16', '4', '3');
INSERT INTO students (student_name, class_id, osub1_id, osub2_id) VALUES ('Bevan Broadberry', '17', '5', '3');
INSERT INTO students (student_name, class_id, osub1_id, osub2_id) VALUES ('Mada Handmore', '18', '4', '5');
INSERT INTO students (student_name, class_id, osub1_id, osub2_id) VALUES ('Shadow Ryde', '19', '7', '5');
INSERT INTO students (student_name, class_id, osub1_id, osub2_id) VALUES ('Ken McCleverty', '20', '7', '8');
INSERT INTO students (student_name, class_id, osub1_id, osub2_id) VALUES ('Willard Kemery', '21', '9', '7');
INSERT INTO students (student_name, class_id, osub1_id, osub2_id) VALUES ('Koenraad McMinn', '22', '9', '8');
INSERT INTO students (student_name, class_id, osub1_id, osub2_id) VALUES ('Angelle Doyle', '23', '1', '10');
INSERT INTO students (student_name, class_id, osub1_id, osub2_id) VALUES ('Grayce Newlyn', '24', '10', '2');
INSERT INTO students (student_name, class_id, osub1_id, osub2_id) VALUES ('Clim Abbey', '25', '1', '2');
INSERT INTO students (student_name, class_id, osub1_id, osub2_id) VALUES ('Theodor Ephgrave', '26', '4', '2');
INSERT INTO students (student_name, class_id, osub1_id, osub2_id) VALUES ('Joana Tourle', '27', '5', '3');
INSERT INTO students (student_name, class_id, osub1_id, osub2_id) VALUES ('Ruth Coche', '28', '4', '5');
INSERT INTO students (student_name, class_id, osub1_id, osub2_id) VALUES ('Charles Winscom', '29', '7', '5');
INSERT INTO students (student_name, class_id, osub1_id, osub2_id) VALUES ('Tammie Pow', '30', '6', '7');
INSERT INTO students (student_name, class_id, osub1_id, osub2_id) VALUES ('Bettye Angelo', '31', '7', '9');
INSERT INTO students (student_name, class_id, osub1_id, osub2_id) VALUES ('Farlie Kimpton', '32', '9', '8');
INSERT INTO students (student_name, class_id, osub1_id, osub2_id) VALUES ('Melodee Woolvett', '33', '1', '9');
INSERT INTO students (student_name, class_id, osub1_id, osub2_id) VALUES ('Charlotte Real', '34', '10', '1');
INSERT INTO students (student_name, class_id, osub1_id, osub2_id) VALUES ('Mohandis Faulks', '35', '3', '2');
INSERT INTO students (student_name, class_id, osub1_id, osub2_id) VALUES ('Darleen MacRedmond', '36', '2', '4');
INSERT INTO students (student_name, class_id, osub1_id, osub2_id) VALUES ('Krissie Vaskov', '37', '4', '5');
INSERT INTO students (student_name, class_id, osub1_id, osub2_id) VALUES ('Harris Kurth', '38', '5', '6');
INSERT INTO students (student_name, class_id, osub1_id, osub2_id) VALUES ('Aaron Wenban', '39', '5', '7');
INSERT INTO students (student_name, class_id, osub1_id, osub2_id) VALUES ('Griffy Missen', '40', '8', '7');
INSERT INTO students (student_name, class_id, osub1_id, osub2_id) VALUES ('Cornall Jencey', '1', '7', '9');
INSERT INTO students (student_name, class_id, osub1_id, osub2_id) VALUES ('Katharina Walls', '2', '10', '8');
INSERT INTO students (student_name, class_id, osub1_id, osub2_id) VALUES ('Mufi Hallihan', '3', '9', '10');
INSERT INTO students (student_name, class_id, osub1_id, osub2_id) VALUES ('Samson Fernandes', '4', '10', '2');
INSERT INTO students (student_name, class_id, osub1_id, osub2_id) VALUES ('Elden Pering', '5', '1', '3');
INSERT INTO students (student_name, class_id, osub1_id, osub2_id) VALUES ('Truman Bellanger', '6', '2', '4');
INSERT INTO students (student_name, class_id, osub1_id, osub2_id) VALUES ('Osborn Vaszoly', '7', '3', '4');
INSERT INTO students (student_name, class_id, osub1_id, osub2_id) VALUES ('Selma Shallcroff', '8', '4', '5');
INSERT INTO students (student_name, class_id, osub1_id, osub2_id) VALUES ('Trueman Cassidy', '9', '6', '7');
INSERT INTO students (student_name, class_id, osub1_id, osub2_id) VALUES ('Letty Jacquest', '10', '8', '6');
INSERT INTO students (student_name, class_id, osub1_id, osub2_id) VALUES ('Celestia Predohl', '11', '8', '9');
INSERT INTO students (student_name, class_id, osub1_id, osub2_id) VALUES ('Giacobo Chalice', '12', '9', '10');
INSERT INTO students (student_name, class_id, osub1_id, osub2_id) VALUES ('Sharline Scarman', '13', '10', '9');
INSERT INTO students (student_name, class_id, osub1_id, osub2_id) VALUES ('Lexine Pregel', '14', '1', '2');
INSERT INTO students (student_name, class_id, osub1_id, osub2_id) VALUES ('Fernandina Pashbee', '15', '1', '3');
INSERT INTO students (student_name, class_id, osub1_id, osub2_id) VALUES ('Rafe Taggert', '16', '4', '3');
INSERT INTO students (student_name, class_id, osub1_id, osub2_id) VALUES ('Cletis Pallant', '17', '5', '3');
INSERT INTO students (student_name, class_id, osub1_id, osub2_id) VALUES ('Rochette Dachs', '18', '6', '4');
INSERT INTO students (student_name, class_id, osub1_id, osub2_id) VALUES ('Page Pett', '19', '7', '5');
INSERT INTO students (student_name, class_id, osub1_id, osub2_id) VALUES ('Abbi Severn', '20', '7', '6');
INSERT INTO students (student_name, class_id, osub1_id, osub2_id) VALUES ('Carmita Joynson', '21', '7', '8');
INSERT INTO students (student_name, class_id, osub1_id, osub2_id) VALUES ('Jeannie Chillcot', '22', '9', '8');
INSERT INTO students (student_name, class_id, osub1_id, osub2_id) VALUES ('Cameron Durning', '23', '1', '9');
INSERT INTO students (student_name, class_id, osub1_id, osub2_id) VALUES ('Gregory Houchen', '24', '1', '10');
INSERT INTO students (student_name, class_id, osub1_id, osub2_id) VALUES ('Ola Stathor', '25', '3', '1');
INSERT INTO students (student_name, class_id, osub1_id, osub2_id) VALUES ('Melania Rosenhaus', '26', '2', '3');
INSERT INTO students (student_name, class_id, osub1_id, osub2_id) VALUES ('Dietrich O Leary', '27', '3', '4');
INSERT INTO students (student_name, class_id, osub1_id, osub2_id) VALUES ('Erwin Mugridge', '28', '6', '4');
INSERT INTO students (student_name, class_id, osub1_id, osub2_id) VALUES ('Brittne Dennerley', '29', '5', '6');
INSERT INTO students (student_name, class_id, osub1_id, osub2_id) VALUES ('Stacey Folcarelli', '30', '6', '8');
INSERT INTO students (student_name, class_id, osub1_id, osub2_id) VALUES ('Jephthah Cowin', '31', '7', '8');
INSERT INTO students (student_name, class_id, osub1_id, osub2_id) VALUES ('Cindra Bladder', '32', '8', '10');
INSERT INTO students (student_name, class_id, osub1_id, osub2_id) VALUES ('Casi Gentery', '33', '10', '1');
INSERT INTO students (student_name, class_id, osub1_id, osub2_id) VALUES ('Madelyn Sitlington', '34', '1', '2');
INSERT INTO students (student_name, class_id, osub1_id, osub2_id) VALUES ('Rossy Skevington', '35', '3', '2');
INSERT INTO students (student_name, class_id, osub1_id, osub2_id) VALUES ('Phebe Poyser', '36', '3', '2');
INSERT INTO students (student_name, class_id, osub1_id, osub2_id) VALUES ('Lamond Slayford', '37', '5', '3');
INSERT INTO students (student_name, class_id, osub1_id, osub2_id) VALUES ('Hyman Seifert', '38', '5', '6');
INSERT INTO students (student_name, class_id, osub1_id, osub2_id) VALUES ('Jacinta Rackham', '39', '5', '7');
INSERT INTO students (student_name, class_id, osub1_id, osub2_id) VALUES ('Guillemette Drable', '40', '8', '7');
INSERT INTO students (student_name, class_id, osub1_id, osub2_id) VALUES ('Onida Dutt', '1', '8', '9');
INSERT INTO students (student_name, class_id, osub1_id, osub2_id) VALUES ('Renaldo Hilhouse', '2', '10', '9');
INSERT INTO students (student_name, class_id, osub1_id, osub2_id) VALUES ('Bartholemy Penke', '3', '9', '10');
INSERT INTO students (student_name, class_id, osub1_id, osub2_id) VALUES ('Anna Choffin', '4', '10', '1');
INSERT INTO students (student_name, class_id, osub1_id, osub2_id) VALUES ('Emlyn Stanlack', '5', '2', '3');
INSERT INTO students (student_name, class_id, osub1_id, osub2_id) VALUES ('Candide Waiting', '6', '2', '4');
INSERT INTO students (student_name, class_id, osub1_id, osub2_id) VALUES ('Jolene Tallach', '7', '5', '4');
INSERT INTO students (student_name, class_id, osub1_id, osub2_id) VALUES ('Diane-marie Brand-Hardy', '8', '4', '5');
INSERT INTO students (student_name, class_id, osub1_id, osub2_id) VALUES ('Consalve Shrimplin', '9', '7', '6');
INSERT INTO students (student_name, class_id, osub1_id, osub2_id) VALUES ('Tani Tibbles', '10', '8', '7');
INSERT INTO students (student_name, class_id, osub1_id, osub2_id) VALUES ('Somerset Goodswen', '11', '7', '8');
INSERT INTO students (student_name, class_id, osub1_id, osub2_id) VALUES ('Dita Giffaut', '12', '9', '8');
INSERT INTO students (student_name, class_id, osub1_id, osub2_id) VALUES ('Cammy Reeman', '13', '10', '9');
INSERT INTO students (student_name, class_id, osub1_id, osub2_id) VALUES ('Desdemona Life', '14', '1', '10');
INSERT INTO students (student_name, class_id, osub1_id, osub2_id) VALUES ('Wayne Tregian', '15', '1', '3');
INSERT INTO students (student_name, class_id, osub1_id, osub2_id) VALUES ('Letitia MacRierie', '16', '2', '3');
INSERT INTO students (student_name, class_id, osub1_id, osub2_id) VALUES ('Lenard O Regan', '17', '3', '5');
INSERT INTO students (student_name, class_id, osub1_id, osub2_id) VALUES ('Terra Dodle', '18', '6', '5');
INSERT INTO students (student_name, class_id, osub1_id, osub2_id) VALUES ('Matty Kenrick', '19', '7', '6');
INSERT INTO students (student_name, class_id, osub1_id, osub2_id) VALUES ('Ilise Le Claire', '20', '8', '6');
INSERT INTO students (student_name, class_id, osub1_id, osub2_id) VALUES ('Inglis Londing', '21', '8', '7');
INSERT INTO students (student_name, class_id, osub1_id, osub2_id) VALUES ('Konstantin Hubatsch', '22', '10', '8');
INSERT INTO students (student_name, class_id, osub1_id, osub2_id) VALUES ('Brigitta Patesel', '23', '10', '9');
INSERT INTO students (student_name, class_id, osub1_id, osub2_id) VALUES ('Maurita O Shirine', '24', '1', '10');
INSERT INTO students (student_name, class_id, osub1_id, osub2_id) VALUES ('Kimmi Nozzolinii', '25', '1', '2');
INSERT INTO students (student_name, class_id, osub1_id, osub2_id) VALUES ('Eduardo Seed', '26', '4', '3');
INSERT INTO students (student_name, class_id, osub1_id, osub2_id) VALUES ('Sophie Troake', '27', '5', '4');
INSERT INTO students (student_name, class_id, osub1_id, osub2_id) VALUES ('Ulrike Schottli', '28', '4', '5');
INSERT INTO students (student_name, class_id, osub1_id, osub2_id) VALUES ('Lisette Greveson', '29', '6', '7');
INSERT INTO students (student_name, class_id, osub1_id, osub2_id) VALUES ('Lorrayne Mora', '30', '7', '8');
INSERT INTO students (student_name, class_id, osub1_id, osub2_id) VALUES ('Archie Rubinfajn', '31', '8', '7');
INSERT INTO students (student_name, class_id, osub1_id, osub2_id) VALUES ('Hilarius Michael', '32', '9', '8');
INSERT INTO students (student_name, class_id, osub1_id, osub2_id) VALUES ('Sheppard Hackworth', '33', '1', '9');
INSERT INTO students (student_name, class_id, osub1_id, osub2_id) VALUES ('Anabelle Berge', '34', '10', '1');
INSERT INTO students (student_name, class_id, osub1_id, osub2_id) VALUES ('Druci Nicklin', '35', '1', '2');
INSERT INTO students (student_name, class_id, osub1_id, osub2_id) VALUES ('Jarvis Halligan', '36', '4', '2');
INSERT INTO students (student_name, class_id, osub1_id, osub2_id) VALUES ('Clarinda Blackledge', '37', '5', '3');
INSERT INTO students (student_name, class_id, osub1_id, osub2_id) VALUES ('Halimeda Oaker', '38', '4', '6');
INSERT INTO students (student_name, class_id, osub1_id, osub2_id) VALUES ('Thurstan Bouskill', '39', '5', '6');
INSERT INTO students (student_name, class_id, osub1_id, osub2_id) VALUES ('Teresa Alexsandrowicz', '40', '8', '6');
INSERT INTO students (student_name, class_id, osub1_id, osub2_id) VALUES ('Gerome Tollow', '1', '9', '8');
INSERT INTO students (student_name, class_id, osub1_id, osub2_id) VALUES ('Maxine Glinde', '2', '9', '10');
INSERT INTO students (student_name, class_id, osub1_id, osub2_id) VALUES ('Cedric Durban', '3', '10', '1');
INSERT INTO students (student_name, class_id, osub1_id, osub2_id) VALUES ('Doralyn McKeating', '4', '2', '1');
INSERT INTO students (student_name, class_id, osub1_id, osub2_id) VALUES ('Addy Berling', '5', '1', '3');
INSERT INTO students (student_name, class_id, osub1_id, osub2_id) VALUES ('Raul Sandcraft', '6', '3', '4');
INSERT INTO students (student_name, class_id, osub1_id, osub2_id) VALUES ('Amelita Rosenkranc', '7', '3', '4');
INSERT INTO students (student_name, class_id, osub1_id, osub2_id) VALUES ('Christoper Hayter', '8', '5', '6');
INSERT INTO students (student_name, class_id, osub1_id, osub2_id) VALUES ('Hillie Willey', '9', '5', '7');
INSERT INTO students (student_name, class_id, osub1_id, osub2_id) VALUES ('Ella Kilfoyle', '10', '7', '6');
INSERT INTO students (student_name, class_id, osub1_id, osub2_id) VALUES ('Con Oswal', '11', '8', '9');
INSERT INTO students (student_name, class_id, osub1_id, osub2_id) VALUES ('Vale Karp', '12', '9', '8');
INSERT INTO students (student_name, class_id, osub1_id, osub2_id) VALUES ('Dorie Elmer', '13', '1', '10');
INSERT INTO students (student_name, class_id, osub1_id, osub2_id) VALUES ('Joby Whoolehan', '14', '10', '2');
INSERT INTO students (student_name, class_id, osub1_id, osub2_id) VALUES ('Margaux Weatherill', '15', '3', '1');
INSERT INTO students (student_name, class_id, osub1_id, osub2_id) VALUES ('Ellene Szepe', '16', '3', '4');
INSERT INTO students (student_name, class_id, osub1_id, osub2_id) VALUES ('Jere Gofford', '17', '5', '3');
INSERT INTO students (student_name, class_id, osub1_id, osub2_id) VALUES ('Clayborn Shuard', '18', '4', '6');
INSERT INTO students (student_name, class_id, osub1_id, osub2_id) VALUES ('Roosevelt Watters', '19', '6', '7');
INSERT INTO students (student_name, class_id, osub1_id, osub2_id) VALUES ('Ailyn Stowte', '20', '6', '7');
INSERT INTO students (student_name, class_id, osub1_id, osub2_id) VALUES ('Alyce Glancy', '21', '9', '8');
INSERT INTO students (student_name, class_id, osub1_id, osub2_id) VALUES ('Zebulen Yaneev', '22', '10', '9');
INSERT INTO students (student_name, class_id, osub1_id, osub2_id) VALUES ('Zea Horry', '23', '9', '1');
INSERT INTO students (student_name, class_id, osub1_id, osub2_id) VALUES ('Truda Thow', '24', '10', '1');
INSERT INTO students (student_name, class_id, osub1_id, osub2_id) VALUES ('Teddi Fever', '25', '3', '2');
INSERT INTO students (student_name, class_id, osub1_id, osub2_id) VALUES ('Rodolph Keune', '26', '4', '2');
INSERT INTO students (student_name, class_id, osub1_id, osub2_id) VALUES ('Lonnie Twohig', '27', '3', '4');
INSERT INTO students (student_name, class_id, osub1_id, osub2_id) VALUES ('Bessy Friend', '28', '5', '6');
INSERT INTO students (student_name, class_id, osub1_id, osub2_id) VALUES ('Stanford Busswell', '29', '7', '5');
INSERT INTO students (student_name, class_id, osub1_id, osub2_id) VALUES ('Glynn Millions', '30', '6', '7');
INSERT INTO students (student_name, class_id, osub1_id, osub2_id) VALUES ('Patin Channer', '31', '9', '7');
INSERT INTO students (student_name, class_id, osub1_id, osub2_id) VALUES ('Mabel Shirt', '32', '9', '10');
INSERT INTO students (student_name, class_id, osub1_id, osub2_id) VALUES ('Micky Carrabott', '33', '9', '10');
INSERT INTO students (student_name, class_id, osub1_id, osub2_id) VALUES ('Ruperta Mougeot', '34', '1', '2');
INSERT INTO students (student_name, class_id, osub1_id, osub2_id) VALUES ('Karla Bowler', '35', '1', '3');
INSERT INTO students (student_name, class_id, osub1_id, osub2_id) VALUES ('Tobie Nassie', '36', '4', '3');
INSERT INTO students (student_name, class_id, osub1_id, osub2_id) VALUES ('Frasco Brock', '37', '5', '3');
INSERT INTO students (student_name, class_id, osub1_id, osub2_id) VALUES ('Barbara-anne Adamini', '38', '6', '4');
INSERT INTO students (student_name, class_id, osub1_id, osub2_id) VALUES ('Sandye Kollaschek', '39', '7', '5');
INSERT INTO students (student_name, class_id, osub1_id, osub2_id) VALUES ('Lou Wabersinke', '40', '6', '8');
INSERT INTO students (student_name, class_id, osub1_id, osub2_id) VALUES ('Ursa Such', '1', '8', '7');
INSERT INTO students (student_name, class_id, osub1_id, osub2_id) VALUES ('Wildon Fireman', '2', '9', '8');
INSERT INTO students (student_name, class_id, osub1_id, osub2_id) VALUES ('Anatola Garmanson', '3', '1', '10');
INSERT INTO students (student_name, class_id, osub1_id, osub2_id) VALUES ('Lois Cheasman', '4', '10', '1');
INSERT INTO students (student_name, class_id, osub1_id, osub2_id) VALUES ('Mureil McQuaker', '5', '2', '3');
INSERT INTO students (student_name, class_id, osub1_id, osub2_id) VALUES ('Mirabella Ricoald', '6', '2', '3');
INSERT INTO students (student_name, class_id, osub1_id, osub2_id) VALUES ('Rufus Loncaster', '7', '4', '3');
INSERT INTO students (student_name, class_id, osub1_id, osub2_id) VALUES ('Percy Clem', '8', '6', '4');
INSERT INTO students (student_name, class_id, osub1_id, osub2_id) VALUES ('Kay Hadgraft', '9', '6', '7');
INSERT INTO students (student_name, class_id, osub1_id, osub2_id) VALUES ('Bradney Persicke', '10', '7', '8');
INSERT INTO students (student_name, class_id, osub1_id, osub2_id) VALUES ('Alfi Pignon', '11', '8', '7');
INSERT INTO students (student_name, class_id, osub1_id, osub2_id) VALUES ('Eleanore Dybald', '12', '10', '9');
INSERT INTO students (student_name, class_id, osub1_id, osub2_id) VALUES ('Symon Kirkup', '13', '9', '10');
INSERT INTO students (student_name, class_id, osub1_id, osub2_id) VALUES ('Ty Doick', '14', '10', '1');
INSERT INTO students (student_name, class_id, osub1_id, osub2_id) VALUES ('Wilma McCaughan', '15', '2', '3');
INSERT INTO students (student_name, class_id, osub1_id, osub2_id) VALUES ('Julieta Becerro', '16', '3', '4');
INSERT INTO students (student_name, class_id, osub1_id, osub2_id) VALUES ('Harvey Cowland', '17', '4', '3');
INSERT INTO students (student_name, class_id, osub1_id, osub2_id) VALUES ('Blayne Lobbe', '18', '6', '4');
INSERT INTO students (student_name, class_id, osub1_id, osub2_id) VALUES ('Sigismund Luton', '19', '6', '7');
INSERT INTO students (student_name, class_id, osub1_id, osub2_id) VALUES ('Smith McMonies', '20', '8', '7');
INSERT INTO students (student_name, class_id, osub1_id, osub2_id) VALUES ('Karlik Lowen', '21', '7', '8');
INSERT INTO students (student_name, class_id, osub1_id, osub2_id) VALUES ('Amandie Gallemore', '22', '8', '9');
INSERT INTO students (student_name, class_id, osub1_id, osub2_id) VALUES ('Rahel Newbegin', '23', '10', '1');
INSERT INTO students (student_name, class_id, osub1_id, osub2_id) VALUES ('Verine Sawdon', '24', '10', '2');
INSERT INTO students (student_name, class_id, osub1_id, osub2_id) VALUES ('Sioux Drynan', '25', '2', '3');
INSERT INTO students (student_name, class_id, osub1_id, osub2_id) VALUES ('Dionis Rope', '26', '3', '4');
INSERT INTO students (student_name, class_id, osub1_id, osub2_id) VALUES ('Kandy Kitcher', '27', '5', '3');
INSERT INTO students (student_name, class_id, osub1_id, osub2_id) VALUES ('Cristi Titley', '28', '5', '4');
INSERT INTO students (student_name, class_id, osub1_id, osub2_id) VALUES ('Idelle Braine', '29', '5', '6');
INSERT INTO students (student_name, class_id, osub1_id, osub2_id) VALUES ('Jillayne Peppard', '30', '7', '6');
INSERT INTO students (student_name, class_id, osub1_id, osub2_id) VALUES ('Wittie McKnockiter', '31', '7', '8');
INSERT INTO students (student_name, class_id, osub1_id, osub2_id) VALUES ('Amalea Weth', '32', '10', '9');
INSERT INTO students (student_name, class_id, osub1_id, osub2_id) VALUES ('Carolee Cantillon', '33', '10', '1');
INSERT INTO students (student_name, class_id, osub1_id, osub2_id) VALUES ('Filberto Comi', '34', '1', '10');
INSERT INTO students (student_name, class_id, osub1_id, osub2_id) VALUES ('Darsey Decent', '35', '1', '2');
INSERT INTO students (student_name, class_id, osub1_id, osub2_id) VALUES ('Owen Purchall', '36', '2', '4');
INSERT INTO students (student_name, class_id, osub1_id, osub2_id) VALUES ('Waylon Martignoni', '37', '5', '3');
INSERT INTO students (student_name, class_id, osub1_id, osub2_id) VALUES ('Randall Huonic', '38', '4', '5');
INSERT INTO students (student_name, class_id, osub1_id, osub2_id) VALUES ('Gardiner Nickoll', '39', '6', '5');
INSERT INTO students (student_name, class_id, osub1_id, osub2_id) VALUES ('Hilary Alejandri', '40', '6', '7');
INSERT INTO students (student_name, class_id, osub1_id, osub2_id) VALUES ('Lindi Dybell', '1', '7', '9');
INSERT INTO students (student_name, class_id, osub1_id, osub2_id) VALUES ('Nahum Weatherhead', '2', '8', '10');
INSERT INTO students (student_name, class_id, osub1_id, osub2_id) VALUES ('Suki Reisin', '3', '9', '1');
INSERT INTO students (student_name, class_id, osub1_id, osub2_id) VALUES ('Georgeanna Hurne', '4', '1', '2');
INSERT INTO students (student_name, class_id, osub1_id, osub2_id) VALUES ('Gwenora Aylmer', '5', '2', '3');
INSERT INTO students (student_name, class_id, osub1_id, osub2_id) VALUES ('Elfrieda Kubyszek', '6', '3', '2');
INSERT INTO students (student_name, class_id, osub1_id, osub2_id) VALUES ('Wren Jakaway', '7', '5', '3');
INSERT INTO students (student_name, class_id, osub1_id, osub2_id) VALUES ('Shannan Tuckerman', '8', '5', '4');
INSERT INTO students (student_name, class_id, osub1_id, osub2_id) VALUES ('Prudy Emmet', '9', '7', '6');
INSERT INTO students (student_name, class_id, osub1_id, osub2_id) VALUES ('Justina Cash', '10', '6', '8');
INSERT INTO students (student_name, class_id, osub1_id, osub2_id) VALUES ('Elisha Griston', '11', '8', '7');
INSERT INTO students (student_name, class_id, osub1_id, osub2_id) VALUES ('Knox Rosterne', '12', '8', '10');
INSERT INTO students (student_name, class_id, osub1_id, osub2_id) VALUES ('Stefania Vlasenkov', '13', '10', '9');
INSERT INTO students (student_name, class_id, osub1_id, osub2_id) VALUES ('Lyndell Hamsher', '14', '1', '2');
INSERT INTO students (student_name, class_id, osub1_id, osub2_id) VALUES ('Adina Avraham', '15', '2', '3');
INSERT INTO students (student_name, class_id, osub1_id, osub2_id) VALUES ('Jessy Bowlands', '16', '4', '2');
INSERT INTO students (student_name, class_id, osub1_id, osub2_id) VALUES ('Toni Corroyer', '17', '4', '3');
INSERT INTO students (student_name, class_id, osub1_id, osub2_id) VALUES ('Bill Culley', '18', '5', '6');
INSERT INTO students (student_name, class_id, osub1_id, osub2_id) VALUES ('Devonna Thomtson', '19', '6', '5');
INSERT INTO students (student_name, class_id, osub1_id, osub2_id) VALUES ('Noami Cavill', '20', '8', '6');
INSERT INTO students (student_name, class_id, osub1_id, osub2_id) VALUES ('Hale Dimsdale', '21', '9', '8');
INSERT INTO students (student_name, class_id, osub1_id, osub2_id) VALUES ('Tonye Heimes', '22', '10', '8');
INSERT INTO students (student_name, class_id, osub1_id, osub2_id) VALUES ('Dulcine Gaylard', '23', '10', '1');
INSERT INTO students (student_name, class_id, osub1_id, osub2_id) VALUES ('Urbain McCracken', '24', '2', '1');
INSERT INTO students (student_name, class_id, osub1_id, osub2_id) VALUES ('Erinn Ward', '25', '1', '3');
INSERT INTO students (student_name, class_id, osub1_id, osub2_id) VALUES ('Blinni Trouel', '26', '3', '4');
INSERT INTO students (student_name, class_id, osub1_id, osub2_id) VALUES ('Iorgos Moynham', '27', '5', '3');
INSERT INTO students (student_name, class_id, osub1_id, osub2_id) VALUES ('Farand Alves', '28', '5', '4');
INSERT INTO students (student_name, class_id, osub1_id, osub2_id) VALUES ('Ky Barth', '29', '7', '5');
INSERT INTO students (student_name, class_id, osub1_id, osub2_id) VALUES ('Zelma Fenimore', '30', '7', '8');
INSERT INTO students (student_name, class_id, osub1_id, osub2_id) VALUES ('Saree Morl', '31', '9', '8');
INSERT INTO students (student_name, class_id, osub1_id, osub2_id) VALUES ('Bucky Kinnar', '32', '10', '9');
INSERT INTO students (student_name, class_id, osub1_id, osub2_id) VALUES ('Ange Nockalls', '33', '1', '10');
INSERT INTO students (student_name, class_id, osub1_id, osub2_id) VALUES ('Berna Klishin', '34', '10', '2');
INSERT INTO students (student_name, class_id, osub1_id, osub2_id) VALUES ('Flori Ruperti', '35', '1', '2');
INSERT INTO students (student_name, class_id, osub1_id, osub2_id) VALUES ('Rosana Jerrolt', '36', '4', '2');
INSERT INTO students (student_name, class_id, osub1_id, osub2_id) VALUES ('Idelle Knibb', '37', '3', '5');
INSERT INTO students (student_name, class_id, osub1_id, osub2_id) VALUES ('Tobey Frawley', '38', '4', '6');
INSERT INTO students (student_name, class_id, osub1_id, osub2_id) VALUES ('Margalo McCaughan', '39', '7', '6');
INSERT INTO students (student_name, class_id, osub1_id, osub2_id) VALUES ('Jeremie Ciardo', '40', '6', '8');
INSERT INTO students (student_name, class_id, osub1_id, osub2_id) VALUES ('Gloriane Wainscot', '1', '7', '9');
INSERT INTO students (student_name, class_id, osub1_id, osub2_id) VALUES ('Estelle Charlet', '2', '8', '10');
INSERT INTO students (student_name, class_id, osub1_id, osub2_id) VALUES ('Kenn Lebrun', '3', '9', '1');
INSERT INTO students (student_name, class_id, osub1_id, osub2_id) VALUES ('Ozzy Baish', '4', '1', '2');
INSERT INTO students (student_name, class_id, osub1_id, osub2_id) VALUES ('Sal Aronovitz', '5', '3', '1');
INSERT INTO students (student_name, class_id, osub1_id, osub2_id) VALUES ('Lexie Daniely', '6', '4', '2');
INSERT INTO students (student_name, class_id, osub1_id, osub2_id) VALUES ('Malva Sherborne', '7', '4', '3');
INSERT INTO students (student_name, class_id, osub1_id, osub2_id) VALUES ('Fannie McPartling', '8', '6', '5');
INSERT INTO students (student_name, class_id, osub1_id, osub2_id) VALUES ('Sollie Ardron', '9', '7', '5');
INSERT INTO students (student_name, class_id, osub1_id, osub2_id) VALUES ('Halette Fawthrop', '10', '8', '6');
INSERT INTO students (student_name, class_id, osub1_id, osub2_id) VALUES ('Tony Brandolini', '11', '8', '7');
INSERT INTO students (student_name, class_id, osub1_id, osub2_id) VALUES ('Dru Brunnstein', '12', '8', '9');
INSERT INTO students (student_name, class_id, osub1_id, osub2_id) VALUES ('Blakelee Karlmann', '13', '1', '9');
INSERT INTO students (student_name, class_id, osub1_id, osub2_id) VALUES ('Othelia Able', '14', '1', '10');
INSERT INTO students (student_name, class_id, osub1_id, osub2_id) VALUES ('Arri Llywarch', '15', '3', '2');
INSERT INTO students (student_name, class_id, osub1_id, osub2_id) VALUES ('Ritchie Pedron', '16', '2', '4');
INSERT INTO students (student_name, class_id, osub1_id, osub2_id) VALUES ('Fabe Brithman', '17', '5', '3');
INSERT INTO students (student_name, class_id, osub1_id, osub2_id) VALUES ('Brigida Saulter', '18', '4', '5');
INSERT INTO students (student_name, class_id, osub1_id, osub2_id) VALUES ('Raven Adran', '19', '7', '6');
INSERT INTO students (student_name, class_id, osub1_id, osub2_id) VALUES ('Ilka Otley', '20', '8', '6');
INSERT INTO students (student_name, class_id, osub1_id, osub2_id) VALUES ('Vladimir Tweede', '21', '8', '9');
INSERT INTO students (student_name, class_id, osub1_id, osub2_id) VALUES ('Tania Grint', '22', '9', '10');
INSERT INTO students (student_name, class_id, osub1_id, osub2_id) VALUES ('Blithe Noot', '23', '10', '9');
INSERT INTO students (student_name, class_id, osub1_id, osub2_id) VALUES ('Grove Espadater', '24', '2', '1');
INSERT INTO students (student_name, class_id, osub1_id, osub2_id) VALUES ('Elmira Elsy', '25', '2', '3');
INSERT INTO students (student_name, class_id, osub1_id, osub2_id) VALUES ('Frederique Nutley', '26', '3', '4');
INSERT INTO students (student_name, class_id, osub1_id, osub2_id) VALUES ('Ranna Wernher', '27', '5', '3');
INSERT INTO students (student_name, class_id, osub1_id, osub2_id) VALUES ('Jocko McGarrell', '28', '5', '4');
INSERT INTO students (student_name, class_id, osub1_id, osub2_id) VALUES ('Caron Tullett', '29', '5', '6');
INSERT INTO students (student_name, class_id, osub1_id, osub2_id) VALUES ('Gothart Hannen', '30', '6', '7');
INSERT INTO students (student_name, class_id, osub1_id, osub2_id) VALUES ('Zackariah Girardin', '31', '8', '7');
INSERT INTO students (student_name, class_id, osub1_id, osub2_id) VALUES ('Therese Lancley', '32', '8', '9');
INSERT INTO students (student_name, class_id, osub1_id, osub2_id) VALUES ('Marietta Tiffney', '33', '1', '10');
INSERT INTO students (student_name, class_id, osub1_id, osub2_id) VALUES ('Cirstoforo Steet', '34', '2', '10');
INSERT INTO students (student_name, class_id, osub1_id, osub2_id) VALUES ('Rudolf Hauck', '35', '1', '3');
INSERT INTO students (student_name, class_id, osub1_id, osub2_id) VALUES ('Sephira Neeves', '36', '3', '2');
INSERT INTO students (student_name, class_id, osub1_id, osub2_id) VALUES ('Tomasina Hendrickson', '37', '3', '5');
INSERT INTO students (student_name, class_id, osub1_id, osub2_id) VALUES ('Bertha Westmancoat', '38', '4', '5');
INSERT INTO students (student_name, class_id, osub1_id, osub2_id) VALUES ('Emelda Allin', '39', '5', '6');
INSERT INTO students (student_name, class_id, osub1_id, osub2_id) VALUES ('Harald Britton', '40', '8', '6');
INSERT INTO students (student_name, class_id, osub1_id, osub2_id) VALUES ('Hettie Orgel', '1', '9', '7');
INSERT INTO students (student_name, class_id, osub1_id, osub2_id) VALUES ('Paul Russe', '2', '9', '10');
INSERT INTO students (student_name, class_id, osub1_id, osub2_id) VALUES ('Tristan Domingues', '3', '9', '10');
INSERT INTO students (student_name, class_id, osub1_id, osub2_id) VALUES ('Westbrooke Meddows', '4', '2', '10');
INSERT INTO students (student_name, class_id, osub1_id, osub2_id) VALUES ('Abner Medford', '5', '1', '3');
INSERT INTO students (student_name, class_id, osub1_id, osub2_id) VALUES ('Karolina Panketh', '6', '3', '2');
INSERT INTO students (student_name, class_id, osub1_id, osub2_id) VALUES ('Damiano Malyj', '7', '5', '4');
INSERT INTO students (student_name, class_id, osub1_id, osub2_id) VALUES ('Matthus Luscombe', '8', '6', '5');
INSERT INTO students (student_name, class_id, osub1_id, osub2_id) VALUES ('Keslie Mechem', '9', '7', '6');
INSERT INTO students (student_name, class_id, osub1_id, osub2_id) VALUES ('Rosina Shipp', '10', '7', '6');
INSERT INTO students (student_name, class_id, osub1_id, osub2_id) VALUES ('Debera Sate', '11', '9', '8');
INSERT INTO students (student_name, class_id, osub1_id, osub2_id) VALUES ('Garland Pinshon', '12', '10', '9');
INSERT INTO students (student_name, class_id, osub1_id, osub2_id) VALUES ('Ki Windrum', '13', '1', '10');
INSERT INTO students (student_name, class_id, osub1_id, osub2_id) VALUES ('Kariotta Castiglio', '14', '1', '2');
INSERT INTO students (student_name, class_id, osub1_id, osub2_id) VALUES ('Bord Dax', '15', '1', '2');
INSERT INTO students (student_name, class_id, osub1_id, osub2_id) VALUES ('Borg Concklin', '16', '4', '2');
INSERT INTO students (student_name, class_id, osub1_id, osub2_id) VALUES ('Demetri Bris', '17', '5', '4');
INSERT INTO students (student_name, class_id, osub1_id, osub2_id) VALUES ('Adelle Howsan', '18', '4', '6');
INSERT INTO students (student_name, class_id, osub1_id, osub2_id) VALUES ('Ettore Kimbly', '19', '7', '6');
INSERT INTO students (student_name, class_id, osub1_id, osub2_id) VALUES ('Berkie O Looney', '20', '6', '8');
INSERT INTO students (student_name, class_id, osub1_id, osub2_id) VALUES ('Ailis Steggles', '21', '8', '7');
INSERT INTO students (student_name, class_id, osub1_id, osub2_id) VALUES ('Alexandre Etty', '22', '8', '10');
INSERT INTO students (student_name, class_id, osub1_id, osub2_id) VALUES ('Nydia Mustoe', '23', '10', '9');
INSERT INTO students (student_name, class_id, osub1_id, osub2_id) VALUES ('Cleopatra Cretney', '24', '10', '1');
INSERT INTO students (student_name, class_id, osub1_id, osub2_id) VALUES ('Conrad Cavanaugh', '25', '3', '1');
INSERT INTO students (student_name, class_id, osub1_id, osub2_id) VALUES ('Samaria Creeghan', '26', '3', '4');
INSERT INTO students (student_name, class_id, osub1_id, osub2_id) VALUES ('Lindsey Beddoe', '27', '5', '4');
INSERT INTO students (student_name, class_id, osub1_id, osub2_id) VALUES ('Jarvis Glaves', '28', '4', '5');
INSERT INTO students (student_name, class_id, osub1_id, osub2_id) VALUES ('Deloria Steynor', '29', '7', '5');
INSERT INTO students (student_name, class_id, osub1_id, osub2_id) VALUES ('Hadlee Gostling', '30', '8', '6');
INSERT INTO students (student_name, class_id, osub1_id, osub2_id) VALUES ('Gusty Baumadier', '31', '7', '8');
INSERT INTO students (student_name, class_id, osub1_id, osub2_id) VALUES ('Crichton Pyson', '32', '9', '8');
INSERT INTO students (student_name, class_id, osub1_id, osub2_id) VALUES ('Lamont Rookledge', '33', '9', '10');
INSERT INTO students (student_name, class_id, osub1_id, osub2_id) VALUES ('Cece Crossgrove', '34', '10', '1');
INSERT INTO students (student_name, class_id, osub1_id, osub2_id) VALUES ('Niko Laneham', '35', '2', '3');
INSERT INTO students (student_name, class_id, osub1_id, osub2_id) VALUES ('Mahala Gypson', '36', '2', '4');
INSERT INTO students (student_name, class_id, osub1_id, osub2_id) VALUES ('Thornie Windram', '37', '4', '3');
INSERT INTO students (student_name, class_id, osub1_id, osub2_id) VALUES ('Reuven Bridewell', '38', '5', '4');
INSERT INTO students (student_name, class_id, osub1_id, osub2_id) VALUES ('Marcile Muffen', '39', '5', '7');
INSERT INTO students (student_name, class_id, osub1_id, osub2_id) VALUES ('Arlyn MacTimpany', '40', '6', '7');
INSERT INTO students (student_name, class_id, osub1_id, osub2_id) VALUES ('Caitrin Lummasana', '1', '7', '9');
INSERT INTO students (student_name, class_id, osub1_id, osub2_id) VALUES ('Lenard Kinsey', '2', '10', '8');
INSERT INTO students (student_name, class_id, osub1_id, osub2_id) VALUES ('Tatiania Hammett', '3', '1', '10');
INSERT INTO students (student_name, class_id, osub1_id, osub2_id) VALUES ('Gherardo Litster', '4', '1', '10');
INSERT INTO students (student_name, class_id, osub1_id, osub2_id) VALUES ('Joellen Tivers', '5', '1', '3');
INSERT INTO students (student_name, class_id, osub1_id, osub2_id) VALUES ('Jenna Gleadle', '6', '2', '3');
INSERT INTO students (student_name, class_id, osub1_id, osub2_id) VALUES ('Lorin Marishenko', '7', '5', '3');
INSERT INTO students (student_name, class_id, osub1_id, osub2_id) VALUES ('Nessy Skone', '8', '5', '6');
INSERT INTO students (student_name, class_id, osub1_id, osub2_id) VALUES ('Eberhard Warmisham', '9', '5', '7');
INSERT INTO students (student_name, class_id, osub1_id, osub2_id) VALUES ('Anastassia Langthorn', '10', '8', '7');
INSERT INTO students (student_name, class_id, osub1_id, osub2_id) VALUES ('Corine Rivers', '11', '8', '7');
INSERT INTO students (student_name, class_id, osub1_id, osub2_id) VALUES ('Costanza Mackett', '12', '8', '9');
INSERT INTO students (student_name, class_id, osub1_id, osub2_id) VALUES ('Zane Caramuscia', '13', '1', '10');
INSERT INTO students (student_name, class_id, osub1_id, osub2_id) VALUES ('Hayyim Marple', '14', '2', '1');
INSERT INTO students (student_name, class_id, osub1_id, osub2_id) VALUES ('Hersch Whissell', '15', '1', '3');
INSERT INTO students (student_name, class_id, osub1_id, osub2_id) VALUES ('Darell Sparkes', '16', '3', '4');
INSERT INTO students (student_name, class_id, osub1_id, osub2_id) VALUES ('Benjamen Wemyss', '17', '4', '3');
INSERT INTO students (student_name, class_id, osub1_id, osub2_id) VALUES ('Pippo MacKall', '18', '5', '6');
INSERT INTO students (student_name, class_id, osub1_id, osub2_id) VALUES ('Genovera Clarkin', '19', '6', '5');
INSERT INTO students (student_name, class_id, osub1_id, osub2_id) VALUES ('Barnebas Shillingford', '20', '6', '8');
INSERT INTO students (student_name, class_id, osub1_id, osub2_id) VALUES ('Gaylor Valentinetti', '21', '8', '7');
INSERT INTO students (student_name, class_id, osub1_id, osub2_id) VALUES ('Alair Sisselot', '22', '10', '9');
INSERT INTO students (student_name, class_id, osub1_id, osub2_id) VALUES ('Virgil Lode', '23', '9', '10');
INSERT INTO students (student_name, class_id, osub1_id, osub2_id) VALUES ('Herculie Tunnah', '24', '1', '2');
INSERT INTO students (student_name, class_id, osub1_id, osub2_id) VALUES ('Sergei Shimon', '25', '3', '1');
INSERT INTO students (student_name, class_id, osub1_id, osub2_id) VALUES ('Dorree Figge', '26', '3', '4');
INSERT INTO students (student_name, class_id, osub1_id, osub2_id) VALUES ('Klaus Grinston', '27', '4', '3');
INSERT INTO students (student_name, class_id, osub1_id, osub2_id) VALUES ('Rufus Joselevitch', '28', '5', '4');
INSERT INTO students (student_name, class_id, osub1_id, osub2_id) VALUES ('Jacynth Effaunt', '29', '6', '7');
INSERT INTO students (student_name, class_id, osub1_id, osub2_id) VALUES ('Jabez Maudling', '30', '6', '7');
INSERT INTO students (student_name, class_id, osub1_id, osub2_id) VALUES ('Stanleigh Guilfoyle', '31', '7', '9');
INSERT INTO students (student_name, class_id, osub1_id, osub2_id) VALUES ('Tallia Chaston', '32', '8', '9');
INSERT INTO students (student_name, class_id, osub1_id, osub2_id) VALUES ('Bertine Selvester', '33', '10', '9');
INSERT INTO students (student_name, class_id, osub1_id, osub2_id) VALUES ('Venus Tournie', '34', '10', '2');
INSERT INTO students (student_name, class_id, osub1_id, osub2_id) VALUES ('Corny Luxford', '35', '3', '2');
INSERT INTO students (student_name, class_id, osub1_id, osub2_id) VALUES ('Carlie Wolfinger', '36', '2', '4');
INSERT INTO students (student_name, class_id, osub1_id, osub2_id) VALUES ('Corabel Nance', '37', '5', '3');
INSERT INTO students (student_name, class_id, osub1_id, osub2_id) VALUES ('Electra Mathivat', '38', '4', '6');
INSERT INTO students (student_name, class_id, osub1_id, osub2_id) VALUES ('Casandra Kermeen', '39', '7', '6');
INSERT INTO students (student_name, class_id, osub1_id, osub2_id) VALUES ('Ferdy Calverley', '40', '6', '7');
